snapshot_date,original_start_date,scheduled_completion_date,original_cost_cr,revised_cost_cr,cumulative_expenditure_cr,physical_progress_pct,burn_rate_pct,burn_progress_gap,time_elapsed_ratio,cost_variation_pct,delay_months_actual,is_delayed,is_cost_overrun
2022-01-06,2021-01-29,2022-06-29,589.12,584.51,362.94,69.4,62.09,-7.31,0.6628,-0.78,-3.1,0,0
2022-01-07,2020-08-31,2025-04-17,83.19,79.36,28.67,28.75,36.13,7.38,0.2923,-4.6,0.4,1,0
2022-01-08,2020-08-14,2025-03-07,46.24,46.0,11.52,17.0,25.05,8.04,0.3073,-0.51,24.8,1,0
2022-01-09,2021-04-26,2025-02-20,860.39,867.07,42.13,5.94,4.86,-1.08,0.1848,0.78,13.1,1,0
2022-01-09,2019-02-08,2022-04-24,15.84,27.5,24.12,88.26,87.71,-0.55,0.9103,73.63,-1.1,0,1
2022-01-12,2020-01-06,2021-08-27,10.0,12.38,12.81,100.0,103.46,3.46,1.2304,23.84,-1.8,0,1
2022-01-14,2019-10-29,2022-09-02,152.63,149.81,123.44,79.34,82.39,3.05,0.7777,-1.84,-4.9,0,0
2022-01-15,2019-09-06,2024-04-22,26.43,37.94,23.2,53.17,61.14,7.97,0.5101,43.56,-5.6,0,1
2022-01-15,2019-04-11,2021-10-22,49.28,47.34,39.21,74.63,82.82,8.19,1.0919,-3.93,28.0,1,0
2022-01-16,2021-02-01,2022-03-10,210.61,269.87,232.4,86.35,86.11,-0.23,0.8682,28.14,1.5,1,1
2022-01-17,2019-11-26,2024-01-28,120.61,178.48,37.3,24.71,20.9,-3.82,0.5138,47.98,14.8,1,1
2022-01-17,2020-01-17,2023-04-17,45.75,59.19,40.17,61.37,67.86,6.49,0.6164,29.39,-1.3,0,1
2022-01-19,2021-03-06,2023-04-30,19.37,20.28,7.54,38.43,37.18,-1.25,0.4064,4.7,-4.2,0,0
2022-01-19,2021-03-28,2025-08-21,256.45,265.82,33.97,11.87,12.78,0.91,0.1848,3.65,25.2,1,0
2022-01-20,2021-05-08,2023-04-20,196.42,207.18,85.09,36.83,41.07,4.24,0.361,5.48,-4.7,0,0
2022-01-22,2021-07-15,2025-07-21,79.92,142.55,29.43,12.84,20.64,7.8,0.1302,78.38,-1.5,0,1
2022-01-23,2019-10-19,2022-11-04,825.48,1464.66,1151.91,76.56,78.65,2.09,0.7437,77.43,-0.8,0,1
2022-01-24,2021-04-06,2023-02-07,39.24,39.17,21.7,43.17,55.41,12.24,0.436,-0.18,-3.4,0,0
2022-01-24,2020-12-22,2022-09-20,24.93,33.56,19.98,64.24,59.54,-4.7,0.6248,34.64,-4.7,0,1
2022-01-24,2019-06-04,2023-08-31,14.43,14.37,11.42,65.12,79.5,14.38,0.623,-0.44,3.8,1,0
2022-01-26,2021-03-25,2026-01-20,85.23,87.42,7.36,16.56,8.42,-8.14,0.1742,2.58,-1.4,0,0
2022-01-26,2021-05-07,2025-01-06,120.54,199.39,20.15,17.4,10.11,-7.29,0.197,65.41,-3.8,0,1
2022-01-27,2020-01-13,2023-01-14,67.39,66.17,15.24,29.31,23.03,-6.29,0.6791,-1.82,13.0,1,0
2022-01-28,2019-07-27,2023-05-24,137.34,143.17,94.99,59.56,66.35,6.79,0.6557,4.25,1.6,1,0
2022-01-29,2021-04-10,2023-06-27,20.05,19.16,9.13,32.99,47.67,14.68,0.3639,-4.44,-0.8,0,0
2022-01-30,2020-05-24,2024-07-03,509.04,508.3,166.67,36.84,32.79,-4.05,0.4104,-0.14,-3.1,0,0
2022-02-01,2019-07-14,2021-08-21,344.04,367.89,345.74,100.0,93.98,-6.02,1.2133,6.93,1.6,1,0
2022-02-01,2021-07-09,2025-11-18,81.57,146.23,21.46,13.32,14.67,1.35,0.1299,79.27,-3.5,0,1
2022-02-02,2021-03-26,2024-07-25,135.81,204.08,78.99,25.11,38.71,13.6,0.2572,50.26,-4.8,0,1
2022-02-02,2021-07-09,2025-11-10,155.73,240.54,45.69,12.4,18.99,6.6,0.1312,54.46,-2.3,0,1
2022-02-02,2019-05-09,2022-06-24,178.35,279.29,143.87,58.11,51.51,-6.6,0.8757,56.6,23.1,1,1
2022-02-03,2021-03-18,2022-07-10,154.05,159.47,77.32,65.3,48.49,-16.82,0.6722,3.52,-3.4,0,0
2022-02-03,2020-06-27,2024-08-14,194.66,195.82,87.21,36.24,44.54,8.3,0.3883,0.59,-4.5,0,0
2022-02-03,2020-02-03,2021-04-07,443.63,444.28,423.93,100.0,95.42,-4.58,1.5,0.15,2.9,1,0
2022-02-04,2020-01-23,2024-08-13,113.96,172.88,44.59,19.05,25.79,6.74,0.4465,51.71,26.0,1,1
2022-02-06,2021-04-16,2024-07-18,210.78,200.58,53.04,24.09,26.44,2.35,0.2489,-4.84,-0.4,0,0
2022-02-07,2020-04-18,2021-12-12,80.83,84.58,38.7,60.44,45.76,-14.67,1.0945,4.64,25.2,1,0
2022-02-08,2019-05-02,2021-02-26,506.81,500.58,468.27,100.0,93.55,-6.45,1.5,-1.23,-0.9,0,0
2022-02-09,2019-09-22,2024-08-06,39.98,40.39,19.48,51.07,48.24,-2.83,0.4893,1.03,-0.8,0,0
2022-02-10,2020-03-28,2023-11-21,781.43,748.59,142.49,24.44,19.03,-5.41,0.5131,-4.2,30.2,1,0
2022-02-12,2021-02-16,2023-02-19,85.78,87.35,40.37,45.28,46.21,0.93,0.4925,1.83,-5.4,0,0
2022-02-13,2019-06-11,2021-01-28,16.17,22.05,22.76,100.0,103.21,3.21,1.5,36.36,3.7,1,1
2022-02-13,2020-06-09,2021-12-20,104.98,169.85,183.52,93.73,108.05,14.31,1.0984,61.8,-1.3,0,1
2022-02-15,2019-08-26,2023-02-17,39.76,68.52,47.57,65.65,69.43,3.78,0.7113,72.35,3.3,1,1
2022-02-16,2020-09-28,2024-04-05,41.13,55.32,18.61,37.46,33.64,-3.81,0.3938,34.48,-3.5,0,1
2022-02-16,2020-09-29,2024-07-30,246.85,274.77,68.68,13.07,24.99,11.93,0.3607,11.31,3.1,1,1
2022-02-17,2020-12-07,2023-10-26,52.7,52.2,15.51,20.38,29.71,9.32,0.415,-0.94,12.6,1,0
2022-02-17,2019-06-04,2020-11-26,10.0,10.38,10.06,100.0,96.95,-3.05,1.5,3.8,1.7,1,0
2022-02-17,2020-03-05,2021-10-07,52.31,53.09,49.2,100.0,92.66,-7.34,1.2289,1.49,-2.8,0,0
2022-02-20,2021-04-13,2025-02-10,10.0,15.02,0.6,11.64,3.97,-7.67,0.2237,50.18,6.1,1,1
2022-02-20,2020-03-16,2022-12-05,13.45,13.62,6.8,71.03,49.89,-21.14,0.7103,1.24,2.3,1,0
2022-02-22,2021-07-10,2023-02-12,149.99,145.51,57.11,27.98,39.25,11.27,0.39,-2.98,17.4,1,0
2022-02-22,2019-10-24,2021-04-04,224.19,215.92,174.93,74.18,81.02,6.83,1.5,-3.69,21.4,1,0
2022-02-22,2020-09-29,2021-11-20,231.13,246.79,221.32,100.0,89.68,-10.32,1.2254,6.78,0.7,1,0
2022-02-23,2020-06-05,2024-02-28,28.21,50.24,20.47,42.13,40.74,-1.39,0.4607,78.1,0.7,1,1
2022-02-25,2021-07-10,2024-10-10,85.01,97.89,0.0,6.78,0.0,-6.78,0.1936,15.16,3.7,1,1
2022-02-27,2020-08-18,2025-06-01,89.63,91.21,21.21,32.2,23.25,-8.94,0.3192,1.76,0.8,1,0
2022-02-27,2019-09-25,2021-10-13,22.42,38.14,38.73,100.0,101.53,1.53,1.1829,70.13,3.0,1,1
2022-02-27,2020-10-23,2021-12-17,546.8,529.52,188.13,50.57,35.53,-15.04,1.1714,-3.16,6.6,1,0
2022-02-28,2020-11-26,2022-03-23,257.97,264.58,238.53,85.43,90.15,4.72,0.9523,2.56,3.4,1,0
2022-02-28,2019-05-12,2022-10-27,69.05,68.87,49.0,83.27,71.14,-12.13,0.8093,-0.26,-5.9,0,0
2022-02-28,2020-11-24,2025-05-23,92.97,100.36,19.07,24.91,19.0,-5.91,0.2809,7.95,-2.5,0,0
2022-03-01,2020-01-04,2023-03-11,115.59,171.13,106.18,60.45,62.04,1.59,0.6773,48.05,-4.7,0,1
2022-03-01,2021-01-25,2024-03-14,10.0,13.45,4.75,31.62,35.36,3.74,0.3497,34.47,-4.7,0,1
2022-03-07,2021-02-14,2024-04-26,39.71,39.59,4.57,22.01,11.55,-10.45,0.3308,-0.31,31.5,1,0
2022-03-07,2021-02-03,2024-11-14,66.91,65.75,17.91,20.85,27.24,6.38,0.2877,-1.74,5.9,1,0
2022-03-08,2020-10-18,2024-02-09,27.06,28.64,11.19,41.55,39.08,-2.47,0.4185,5.85,1.8,1,0
2022-03-08,2021-07-15,2025-10-30,64.24,67.36,16.38,15.58,24.33,8.74,0.1505,4.85,3.8,1,0
2022-03-11,2019-09-13,2024-08-20,778.39,755.74,312.33,43.79,41.33,-2.47,0.5047,-2.91,-3.8,0,0
2022-03-13,2021-07-16,2025-12-25,194.22,209.8,25.76,9.92,12.28,2.35,0.1479,8.02,7.5,1,0
2022-03-14,2019-11-22,2023-03-25,45.36,44.01,32.05,71.52,72.82,1.3,0.6916,-2.96,-0.8,0,0
2022-03-15,2019-03-28,2022-03-04,178.95,183.76,178.94,86.96,97.37,10.41,1.0103,2.69,2.3,1,0
2022-03-15,2020-01-08,2024-01-15,482.62,859.23,184.47,25.2,21.47,-3.73,0.5429,78.04,12.0,1,1
2022-03-16,2019-05-31,2020-06-20,273.02,398.11,353.84,100.0,88.88,-11.12,1.5,45.81,4.0,1,1
2022-03-20,2019-05-10,2022-08-29,96.69,92.06,70.37,84.18,76.44,-7.74,0.8658,-4.79,0.0,1,0
2022-03-22,2021-05-17,2025-06-06,41.42,39.49,8.88,20.99,22.5,1.51,0.2086,-4.66,3.8,1,0
2022-03-23,2019-08-19,2021-02-25,208.07,206.94,82.07,52.21,39.66,-12.56,1.5,-0.54,17.1,1,0
2022-03-25,2021-03-25,2025-01-06,144.34,148.91,30.82,25.06,20.7,-4.36,0.2639,3.17,-1.4,0,0
2022-03-25,2019-07-25,2023-08-24,263.55,350.79,198.79,56.07,56.67,0.6,0.6533,33.1,1.5,1,1
2022-03-25,2019-10-22,2021-11-20,192.91,282.11,187.46,72.58,66.45,-6.13,1.1645,46.24,14.1,1,1
2022-03-26,2019-12-31,2023-10-26,317.18,318.39,168.44,50.29,52.9,2.61,0.5849,0.38,-3.7,0,0
2022-03-27,2020-09-15,2023-06-16,47.36,64.86,15.3,17.8,23.6,5.8,0.5558,36.96,6.0,1,1
2022-03-28,2019-08-31,2022-03-19,114.11,117.87,100.49,97.63,85.25,-12.38,1.0097,3.3,-5.8,0,0
2022-03-28,2021-02-10,2024-11-24,437.41,732.34,246.48,30.02,33.66,3.64,0.2972,67.43,2.7,1,1
2022-03-30,2019-11-23,2021-07-10,1086.06,1046.28,1052.91,100.0,100.63,0.63,1.442,-3.66,-4.7,0,0
2022-04-01,2020-04-11,2023-09-01,39.37,41.08,16.23,38.25,39.5,1.26,0.5816,4.35,30.3,1,0
2022-04-01,2019-06-22,2022-01-15,722.82,740.99,718.41,100.0,96.95,-3.05,1.081,2.51,-1.4,0,0
2022-04-03,2020-08-07,2022-04-03,114.15,199.51,201.2,98.34,100.85,2.51,1.0,74.78,1.1,1,1
2022-04-05,2020-03-26,2021-06-23,41.19,41.92,42.85,100.0,102.22,2.22,1.5,1.77,-5.1,0,0
2022-04-05,2020-01-03,2021-08-21,50.37,69.89,69.38,100.0,99.27,-0.73,1.3809,38.75,0.4,1,1
2022-04-06,2020-11-06,2023-02-05,61.29,63.97,30.36,55.48,47.45,-8.03,0.6285,4.38,0.2,1,0
2022-04-06,2019-05-20,2021-01-06,149.75,146.39,146.08,100.0,99.79,-0.21,1.5,-2.24,-3.7,0,0
2022-04-07,2020-10-31,2022-10-19,168.58,165.75,143.5,71.64,86.58,14.94,0.7284,-1.68,-0.6,0,0
2022-04-08,2019-08-09,2023-05-09,45.22,46.13,26.81,61.26,58.12,-3.14,0.7107,2.01,-3.8,0,0
2022-04-09,2020-03-23,2024-12-08,87.42,89.74,45.75,42.6,50.98,8.38,0.434,2.65,-4.5,0,0
2022-04-09,2021-03-17,2023-05-29,1177.0,1281.13,218.12,16.72,17.03,0.31,0.4832,8.85,28.8,1,0
2022-04-10,2020-03-05,2025-01-01,715.55,694.43,127.69,24.79,18.39,-6.41,0.4345,-2.95,29.6,1,0
2022-04-11,2020-05-24,2024-12-29,151.96,156.48,55.21,37.65,35.28,-2.37,0.4089,2.98,-3.6,0,0
2022-04-13,2020-03-01,2022-02-08,94.22,122.56,122.39,100.0,99.87,-0.13,1.0903,30.08,-2.4,0,1
2022-04-14,2019-08-03,2022-05-27,103.96,99.43,101.1,96.44,101.68,5.24,0.9582,-4.36,-3.4,0,0
2022-04-14,2021-05-23,2026-05-13,187.96,185.84,67.37,17.21,36.25,19.04,0.1795,-1.13,-3.3,0,0
2022-04-15,2019-07-13,2022-04-29,26.38,30.89,26.97,86.88,87.32,0.44,0.9863,17.1,-2.0,0,1
2022-04-16,2020-06-22,2021-10-29,66.1,64.81,58.42,100.0,90.15,-9.85,1.3421,-1.96,1.0,1,0
2022-04-17,2021-03-27,2022-08-14,12.15,12.74,8.03,76.26,63.02,-13.24,0.7644,4.83,-5.6,0,0
2022-04-18,2021-06-20,2023-08-08,145.34,147.41,25.61,20.75,17.37,-3.37,0.3877,1.43,9.3,1,0
2022-04-18,2021-03-30,2025-04-19,195.71,199.97,28.92,23.49,14.46,-9.02,0.2593,2.18,-5.5,0,0
2022-04-19,2019-07-27,2022-04-12,50.41,52.81,51.48,93.01,97.48,4.46,1.0071,4.77,2.8,1,0
2022-04-20,2020-10-10,2022-07-20,595.13,587.82,463.91,74.4,78.92,4.52,0.8596,-1.23,2.9,1,0
2022-04-20,2020-12-11,2022-07-21,20.68,21.3,7.98,38.61,37.45,-1.17,0.8433,3.02,12.9,1,0
2022-04-20,2019-09-13,2022-09-25,15.53,21.06,14.09,61.62,66.88,5.26,0.8574,35.63,28.0,1,1
2022-04-22,2020-01-04,2024-07-25,316.25,306.15,177.08,42.9,57.84,14.94,0.5042,-3.19,0.3,1,0
2022-04-22,2021-03-16,2023-06-21,117.84,122.2,39.83,32.08,32.59,0.52,0.4861,3.7,34.6,1,0
2022-04-24,2019-10-30,2024-01-05,679.06,730.67,262.95,30.98,35.99,5.01,0.5936,7.6,10.4,1,0
2022-04-24,2019-12-20,2021-12-10,51.9,50.44,54.06,100.0,107.16,7.16,1.1872,-2.81,-0.5,0,0
2022-04-25,2021-09-12,2025-07-24,328.46,322.75,9.42,14.5,2.92,-11.59,0.1595,-1.74,-1.9,0,0
2022-04-26,2021-10-11,2026-04-26,85.95,102.72,2.98,12.27,2.9,-9.37,0.1188,19.51,2.4,1,1
2022-04-27,2020-09-11,2024-01-17,73.17,72.4,33.96,43.08,46.91,3.83,0.4849,-1.06,3.8,1,0
2022-04-27,2021-04-04,2024-01-28,259.92,262.74,59.36,34.99,22.59,-12.39,0.3771,1.08,0.5,1,0
2022-04-27,2021-07-14,2026-03-31,196.92,195.83,24.12,17.31,12.32,-5.0,0.1668,-0.55,2.7,1,0
2022-04-27,2021-03-04,2024-12-12,13.58,23.38,8.85,28.42,37.86,9.44,0.3038,72.18,-0.0,0,1
2022-04-29,2021-07-26,2022-10-18,529.46,673.98,364.73,59.28,54.12,-5.17,0.6169,27.3,0.9,1,1
2022-04-30,2020-01-26,2022-10-07,471.59,576.52,362.4,72.54,62.86,-9.68,0.8376,22.25,0.9,1,1
2022-05-01,2020-10-02,2024-08-21,42.49,41.64,19.26,40.92,46.26,5.34,0.4059,-2.0,1.0,1,0
2022-05-01,2020-11-01,2022-06-28,144.74,178.09,95.99,37.31,53.9,16.59,0.904,23.04,25.1,1,1
2022-05-05,2019-08-27,2021-08-23,162.85,157.44,147.26,100.0,93.53,-6.47,1.3508,-3.32,-0.2,0,0
2022-05-05,2020-04-08,2023-07-08,123.08,205.48,138.26,57.49,67.29,9.79,0.6383,66.95,-0.1,0,1
2022-05-05,2020-11-23,2025-10-05,46.51,72.31,9.56,20.68,13.22,-7.47,0.2971,55.48,12.2,1,1
2022-05-08,2020-05-01,2023-02-27,40.21,38.43,19.75,52.3,51.4,-0.9,0.7141,-4.43,13.0,1,0
2022-05-09,2021-02-17,2025-10-01,87.3,88.03,15.85,18.56,18.0,-0.55,0.2644,0.83,10.9,1,0
2022-05-10,2020-04-08,2021-07-15,172.83,166.81,152.62,84.49,91.49,7.0,1.5,-3.48,14.4,1,0
2022-05-10,2021-01-13,2025-11-07,367.7,429.2,74.52,23.62,17.36,-6.26,0.274,16.72,-0.2,0,1
2022-05-11,2021-03-30,2022-05-15,57.7,76.18,59.28,90.13,77.81,-12.32,0.9903,32.04,2.4,1,1
2022-05-11,2019-10-27,2023-02-11,227.25,230.99,132.22,55.68,57.24,1.56,0.7706,1.65,17.5,1,0
2022-05-12,2020-04-15,2022-06-10,10.0,9.92,4.79,39.73,48.32,8.59,0.9631,-0.81,20.6,1,0
2022-05-13,2021-07-19,2022-09-18,357.28,396.91,295.22,68.04,74.38,6.34,0.6995,11.09,-3.9,0,1
2022-05-17,2020-02-02,2024-03-09,11.16,20.03,7.6,34.04,37.97,3.93,0.5578,79.44,35.2,1,1
2022-05-17,2021-10-20,2025-12-05,58.27,68.01,17.27,12.71,25.4,12.68,0.1387,16.72,2.8,1,1
2022-05-17,2021-05-21,2025-02-23,23.49,22.33,2.03,10.86,9.11,-1.76,0.2627,-4.93,9.1,1,0
2022-05-18,2019-12-03,2022-07-22,19.04,19.4,13.54,82.0,69.8,-12.2,0.9324,1.92,-5.0,0,0
2022-05-21,2019-12-18,2024-10-22,362.49,596.43,202.72,32.91,33.99,1.08,0.5,64.54,7.9,1,1
2022-05-22,2020-03-04,2022-03-30,51.35,48.98,48.49,100.0,98.99,-1.01,1.0701,-4.62,0.8,1,0
2022-05-22,2021-04-13,2024-12-14,136.43,202.37,27.09,30.31,13.38,-16.93,0.3013,48.34,-4.2,0,1
2022-05-23,2021-06-23,2025-06-02,85.09,144.61,17.42,21.05,12.04,-9.0,0.2319,69.96,-0.9,0,1
2022-05-24,2021-06-05,2024-01-28,159.56,158.3,25.88,26.37,16.35,-10.02,0.365,-0.79,7.1,1,0
2022-05-25,2020-09-08,2025-04-12,98.71,98.73,30.23,37.13,30.61,-6.52,0.3721,0.02,2.9,1,0
2022-05-25,2020-09-18,2022-08-20,19.31,20.1,17.81,91.42,88.61,-2.81,0.8759,4.1,-1.7,0,0
2022-05-26,2019-06-18,2022-09-04,297.53,304.0,79.66,28.71,26.21,-2.5,0.914,2.17,13.2,1,0
2022-05-27,2020-12-07,2025-04-17,49.77,68.22,4.4,12.68,6.45,-6.23,0.3367,37.06,6.8,1,1
2022-05-29,2020-03-20,2025-01-23,53.85,79.34,39.14,46.31,49.33,3.02,0.452,47.32,-3.1,0,1
2022-05-29,2019-09-15,2024-02-27,13.9,14.32,7.65,63.43,53.4,-10.03,0.607,2.98,-3.0,0,0
2022-05-30,2019-06-05,2022-06-25,545.07,542.72,479.71,87.46,88.39,0.93,0.9767,-0.43,2.0,1,0
2022-05-30,2020-11-30,2025-02-01,249.7,299.93,95.03,30.51,31.68,1.17,0.3583,20.11,-3.2,0,1
2022-05-31,2021-04-11,2026-03-11,59.24,58.57,21.18,21.93,36.16,14.23,0.2312,-1.14,2.3,1,0
2022-05-31,2021-10-15,2026-07-31,59.2,92.75,9.1,8.51,9.81,1.3,0.1303,56.68,16.2,1,1
2022-05-31,2021-08-03,2026-06-07,61.19,102.04,3.66,6.52,3.59,-2.93,0.1702,66.75,7.6,1,1
2022-06-01,2019-12-21,2023-05-19,1088.0,1042.66,429.01,41.99,41.15,-0.85,0.7173,-4.17,7.2,1,0
2022-06-02,2020-04-22,2023-01-16,142.35,232.7,181.97,77.41,78.2,0.79,0.7718,63.46,-0.6,0,1
2022-06-02,2021-09-04,2023-05-15,150.81,150.52,69.73,41.4,46.32,4.93,0.4385,-0.19,1.2,1,0
2022-06-03,2021-07-27,2025-09-06,309.93,515.65,95.69,18.91,18.56,-0.36,0.2071,66.38,-3.7,0,1
2022-06-04,2020-02-03,2021-02-21,119.89,129.49,109.36,100.0,84.46,-15.54,1.5,8.01,-4.3,0,0
2022-06-04,2020-04-26,2022-10-05,65.97,113.29,91.81,84.53,81.04,-3.49,0.8621,71.74,2.3,1,1
2022-06-05,2019-07-22,2023-10-02,71.12,127.59,87.66,68.69,68.71,0.01,0.6843,79.4,-2.4,0,1
2022-06-08,2021-07-08,2025-11-20,82.61,80.16,15.23,8.56,19.0,10.43,0.2099,-2.96,19.2,1,0
2022-06-09,2021-01-20,2023-01-30,86.08,103.97,64.29,68.13,61.84,-6.29,0.6824,20.77,-5.7,0,1
2022-06-12,2021-02-23,2022-08-07,215.54,216.79,159.68,86.74,73.66,-13.08,0.8943,0.58,-2.1,0,0
2022-06-12,2019-06-25,2023-10-11,95.81,91.54,45.96,49.7,50.21,0.52,0.6902,-4.45,32.0,1,0
2022-06-12,2021-12-05,2025-04-13,216.84,227.07,50.96,15.51,22.44,6.93,0.1543,4.72,2.2,1,0
2022-06-13,2020-06-27,2023-03-05,81.71,81.81,52.75,67.63,64.48,-3.15,0.7299,0.13,1.0,1,0
2022-06-14,2020-06-13,2023-02-14,98.93,96.86,56.44,39.2,58.27,19.06,0.749,-2.09,11.2,1,0
2022-06-14,2021-02-05,2025-10-22,10.0,9.97,2.93,12.2,29.38,17.18,0.2872,-0.31,35.3,1,0
2022-06-15,2020-05-22,2022-10-06,270.32,420.44,333.68,79.94,79.36,-0.58,0.8697,55.54,-0.6,0,1
2022-06-15,2021-10-22,2025-04-21,136.43,229.9,42.42,16.96,18.45,1.49,0.1848,68.52,1.4,1,1
2022-06-16,2021-08-16,2022-11-02,298.15,288.99,232.26,69.42,80.37,10.95,0.6862,-3.07,-3.5,0,0
2022-06-21,2020-01-28,2022-09-03,10.0,9.63,3.66,38.69,37.97,-0.72,0.922,-3.71,14.1,1,0
2022-06-21,2019-09-02,2022-07-20,1103.29,1080.99,453.22,48.36,41.93,-6.43,0.9724,-2.02,8.5,1,0
2022-06-24,2021-03-10,2023-04-15,25.84,25.14,7.34,35.65,29.19,-6.46,0.6149,-2.73,12.1,1,0
2022-06-24,2021-08-04,2025-09-03,340.3,339.33,60.3,14.05,17.77,3.72,0.2173,-0.28,32.0,1,0
2022-06-24,2021-07-09,2023-08-08,76.13,78.27,16.87,14.44,21.56,7.11,0.4605,2.8,31.1,1,0
2022-06-25,2019-08-10,2023-04-10,187.79,181.52,141.89,75.93,78.16,2.23,0.7842,-3.34,1.4,1,0
2022-06-27,2020-11-12,2022-06-23,25.43,31.96,31.02,98.32,97.04,-1.28,1.0068,25.69,-0.6,0,1
2022-06-27,2020-03-27,2022-08-26,42.58,44.46,34.29,80.21,77.13,-3.08,0.932,4.4,-2.4,0,0
2022-06-28,2021-01-03,2023-09-28,895.01,1091.65,357.79,39.06,32.78,-6.29,0.5421,21.97,27.8,1,1
2022-06-28,2020-01-22,2021-09-13,71.61,112.37,51.62,44.97,45.94,0.97,1.48,56.93,22.3,1,1
2022-06-28,2021-11-05,2026-10-25,116.85,116.68,10.51,11.13,9.01,-2.13,0.1295,-0.15,2.3,1,0
2022-06-28,2021-03-04,2022-06-27,255.72,388.44,397.28,100.0,102.28,2.28,1.0021,51.9,-5.6,0,1
2022-06-28,2019-10-30,2024-01-28,163.17,262.76,178.88,61.52,68.08,6.56,0.6267,61.03,-3.6,0,1
2022-06-29,2019-07-09,2021-02-18,107.82,130.9,133.33,100.0,101.85,1.85,1.5,21.4,-2.3,0,1
2022-06-30,2020-05-24,2022-01-08,139.48,142.41,113.6,77.78,79.77,1.99,1.2912,2.1,29.5,1,0
2022-07-02,2020-01-05,2021-07-04,1610.18,1688.06,1614.98,100.0,95.67,-4.33,1.5,4.84,-5.3,0,0
2022-07-05,2020-12-29,2025-06-23,84.0,80.22,27.76,25.21,34.61,9.39,0.3378,-4.5,27.7,1,0
2022-07-07,2021-05-05,2026-01-05,114.59,109.96,16.77,22.04,15.25,-6.79,0.2509,-4.03,-0.7,0,0
2022-07-09,2019-09-07,2021-04-03,317.6,324.6,172.31,65.98,53.09,-12.9,1.5,2.2,35.2,1,0
2022-07-11,2021-08-10,2026-06-25,339.21,542.95,51.97,18.14,9.57,-8.57,0.1882,60.06,1.7,1,1
2022-07-12,2021-12-27,2023-04-01,374.07,362.26,134.58,28.88,37.15,8.27,0.4283,-3.16,14.0,1,0
2022-07-13,2021-12-15,2025-05-26,193.73,184.81,36.07,15.85,19.52,3.67,0.1669,-4.61,-1.7,0,0
2022-07-14,2021-09-03,2024-09-27,22.84,21.75,8.45,28.37,38.86,10.5,0.2804,-4.78,-4.8,0,0
2022-07-14,2020-09-28,2024-10-11,639.14,830.22,259.9,41.89,31.3,-10.58,0.4437,29.9,-1.7,0,1
2022-07-15,2020-02-17,2022-04-06,22.75,21.91,25.98,100.0,118.56,18.56,1.1284,-3.66,-1.7,0,0
2022-07-15,2022-01-11,2024-02-08,129.43,129.02,29.17,24.88,22.61,-2.27,0.2441,-0.32,-1.0,0,0
2022-07-16,2019-07-18,2022-06-12,36.41,40.46,32.58,94.6,80.52,-14.08,1.0321,11.12,2.9,1,1
2022-07-17,2021-01-03,2024-04-25,83.35,82.75,35.33,25.13,42.69,17.57,0.4636,-0.72,2.6,1,0
2022-07-18,2021-07-05,2024-02-28,133.56,143.02,5.61,14.4,3.92,-10.48,0.3905,7.09,29.3,1,0
2022-07-19,2021-04-05,2024-01-13,155.13,161.23,16.48,16.55,10.22,-6.33,0.464,3.93,13.7,1,0
2022-07-19,2020-07-09,2023-09-07,624.19,912.01,438.26,44.5,48.05,3.55,0.6407,46.11,3.5,1,1
2022-07-19,2021-10-28,2024-05-31,132.37,201.68,48.47,27.22,24.03,-3.18,0.2791,52.35,2.9,1,1
2022-07-19,2021-06-29,2022-11-08,149.35,142.04,97.5,70.29,68.64,-1.65,0.7746,-4.89,0.8,1,0
2022-07-22,2021-09-21,2026-05-20,67.16,66.7,16.63,16.61,24.92,8.31,0.1786,-0.67,-0.7,0,0
2022-07-25,2021-05-22,2022-12-28,286.26,443.09,199.09,38.9,44.93,6.03,0.7333,54.79,18.3,1,1
2022-07-25,2020-01-06,2023-09-07,375.16,374.3,242.18,64.55,64.7,0.15,0.6948,-0.23,-5.8,0,0
2022-07-25,2021-07-28,2025-07-01,20.63,22.44,4.49,9.41,20.01,10.59,0.2524,8.78,21.3,1,0
2022-07-25,2019-10-24,2024-02-20,184.36,316.69,192.38,61.29,60.75,-0.54,0.6361,71.78,3.3,1,1
2022-07-26,2020-01-09,2024-11-10,208.81,309.59,109.89,37.7,35.49,-2.21,0.5257,48.27,24.3,1,1
2022-07-27,2020-02-19,2023-04-16,62.99,92.78,78.22,68.32,84.31,15.98,0.7717,47.29,-5.6,0,1
2022-07-28,2020-05-05,2023-03-26,469.12,668.59,226.66,31.53,33.9,2.37,0.7716,42.52,33.7,1,1
2022-07-29,2019-10-02,2024-06-19,75.18,78.39,39.0,57.63,49.75,-7.89,0.5987,4.27,2.1,1,0
2022-07-29,2022-01-02,2023-02-09,104.66,109.49,51.33,53.68,46.88,-6.8,0.5161,4.62,3.6,1,0
2022-08-01,2020-12-29,2025-08-06,73.14,109.75,32.9,29.83,29.98,0.15,0.345,50.07,-2.3,0,1
2022-08-02,2020-01-06,2022-11-25,91.72,91.28,56.42,80.99,61.8,-19.18,0.8909,-0.47,2.4,1,0
2022-08-04,2021-09-03,2023-02-11,24.15,23.62,12.17,56.6,51.54,-5.06,0.6369,-2.21,2.6,1,0
2022-08-05,2021-09-12,2026-05-28,15.99,16.72,1.28,8.43,7.63,-0.8,0.1902,4.59,7.8,1,0
2022-08-06,2021-08-22,2025-09-22,609.97,588.18,119.61,21.67,20.34,-1.34,0.2339,-3.57,2.5,1,0
2022-08-07,2020-06-08,2021-11-15,32.58,51.67,26.67,61.67,51.61,-10.06,1.5,58.6,15.4,1,1
2022-08-08,2022-01-02,2025-12-14,27.39,34.79,3.9,14.79,11.21,-3.59,0.1512,27.0,-0.1,0,1
2022-08-09,2020-09-07,2024-07-30,10.0,9.78,3.75,28.87,38.3,9.44,0.493,-2.21,30.8,1,0
2022-08-10,2019-10-23,2021-06-20,41.81,41.42,36.75,80.96,88.74,7.79,1.5,-0.95,14.8,1,0
2022-08-10,2020-02-13,2023-10-06,18.4,31.74,10.58,32.55,33.32,0.76,0.6829,72.52,21.5,1,1
2022-08-10,2021-03-06,2024-08-11,645.75,1061.71,435.73,41.59,41.04,-0.55,0.4163,64.41,-1.6,0,1
2022-08-11,2020-07-13,2021-11-02,302.41,304.78,300.84,100.0,98.71,-1.29,1.5,0.79,2.9,1,0
2022-08-11,2021-06-17,2025-03-26,39.42,37.77,11.17,27.69,29.58,1.89,0.3048,-4.17,2.1,1,0
2022-08-13,2021-03-03,2023-01-14,1343.35,1296.94,538.44,40.7,41.52,0.82,0.7742,-3.45,25.0,1,0
2022-08-14,2021-04-28,2022-05-20,292.4,290.63,197.35,65.31,67.91,2.59,1.2222,-0.6,14.0,1,0
2022-08-14,2021-08-13,2024-11-13,60.96,64.06,22.69,31.41,35.42,4.01,0.3081,5.08,-5.6,0,0
2022-08-15,2020-01-03,2023-10-17,16.99,26.27,19.06,70.98,72.56,1.58,0.6905,54.64,-4.1,0,1
2022-08-15,2020-04-11,2024-05-26,10.0,9.76,4.19,52.59,42.9,-9.69,0.5684,-2.41,-1.1,0,0
2022-08-15,2021-01-29,2023-12-30,1406.88,1381.06,224.28,18.72,16.24,-2.48,0.5286,-1.84,17.7,1,0
2022-08-16,2020-05-07,2024-09-23,12.5,12.25,5.73,54.53,46.8,-7.73,0.5194,-1.97,3.8,1,0
2022-08-17,2020-01-03,2024-12-13,307.07,321.4,150.27,52.15,46.76,-5.39,0.5299,4.67,2.1,1,0
2022-08-19,2020-11-20,2024-12-30,1681.94,1786.53,763.42,44.48,42.73,-1.74,0.4244,6.22,1.1,1,0
2022-08-20,2021-05-11,2024-10-02,183.77,191.3,28.81,21.85,15.06,-6.78,0.3758,4.1,7.4,1,0
2022-08-20,2019-10-29,2023-09-30,473.96,466.14,321.67,70.36,69.01,-1.35,0.7165,-1.65,0.8,1,0
2022-08-20,2020-09-08,2022-01-13,177.1,178.35,181.44,100.0,101.73,1.73,1.4451,0.71,-0.1,0,0
2022-08-21,2021-08-16,2026-07-03,126.14,131.8,14.84,10.1,11.26,1.16,0.2076,4.48,33.4,1,0
2022-08-21,2020-03-06,2021-08-10,250.66,367.83,396.31,100.0,107.74,7.74,1.5,46.74,-1.8,0,1
2022-08-21,2020-03-13,2023-06-17,223.79,292.51,188.17,65.75,64.33,-1.42,0.7481,30.7,2.5,1,1
2022-08-23,2021-03-13,2024-07-11,102.01,114.33,48.06,44.99,42.03,-2.96,0.4342,12.08,1.7,1,1
2022-08-24,2021-10-31,2024-03-25,83.5,80.68,28.18,33.05,34.93,1.89,0.339,-3.39,1.9,1,0
2022-08-25,2021-11-07,2022-12-21,36.42,38.1,30.0,65.37,78.74,13.37,0.7115,4.61,-5.1,0,0
2022-08-25,2021-07-12,2025-08-16,64.28,98.81,6.8,9.91,6.88,-3.03,0.2734,53.73,4.8,1,1
2022-08-27,2020-10-31,2022-04-25,23.94,24.41,24.27,100.0,99.43,-0.57,1.2292,1.93,-1.6,0,0
2022-08-27,2022-01-02,2023-08-08,11.8,11.23,3.63,36.71,32.35,-4.36,0.4065,-4.86,2.0,1,0
2022-08-27,2022-01-25,2024-04-11,80.0,78.06,13.47,23.89,17.25,-6.64,0.2652,-2.42,-3.4,0,0
2022-08-27,2021-05-28,2023-04-07,27.49,43.89,11.14,25.86,25.38,-0.48,0.6716,59.67,20.0,1,1
2022-08-27,2022-02-02,2023-09-17,111.71,114.31,34.66,29.91,30.33,0.41,0.348,2.33,-5.8,0,0
2022-08-29,2020-07-19,2022-04-11,478.38,502.08,520.89,100.0,103.75,3.75,1.2219,4.95,-5.6,0,0
2022-09-01,2020-11-16,2024-04-03,270.96,265.2,74.84,25.48,28.22,2.74,0.53,-2.12,12.2,1,0
2022-09-03,2021-11-15,2025-03-01,13.67,13.72,3.0,22.03,21.85,-0.18,0.2429,0.38,0.1,1,0
2022-09-07,2020-06-21,2025-04-23,27.45,27.54,17.23,46.92,62.55,15.63,0.4573,0.33,-0.8,0,0
2022-09-08,2019-11-11,2022-10-12,27.69,26.77,21.2,87.9,79.18,-8.71,0.9681,-3.31,-4.3,0,0
2022-09-08,2020-04-21,2022-08-22,278.36,275.74,272.69,93.37,98.89,5.53,1.0199,-0.94,3.4,1,0
2022-09-11,2021-03-24,2024-02-08,68.75,72.03,24.3,46.1,33.74,-12.36,0.51,4.77,-3.4,0,0
2022-09-13,2021-08-27,2026-04-01,174.18,307.98,15.16,10.49,4.92,-5.57,0.2277,76.82,32.9,1,1
2022-09-15,2021-01-25,2024-10-16,28.16,28.16,12.31,42.49,43.71,1.22,0.4397,-0.02,1.8,1,0
2022-09-19,2022-01-15,2024-01-06,102.15,146.67,11.86,14.33,8.09,-6.24,0.3426,43.58,22.0,1,1
2022-09-20,2019-11-19,2023-04-08,18.16,20.23,14.83,78.36,73.34,-5.02,0.8382,11.38,3.5,1,1
2022-09-21,2020-10-22,2022-05-13,43.74,63.94,51.08,79.69,79.89,0.21,1.2306,46.17,24.5,1,1
2022-09-21,2020-06-04,2024-10-22,132.12,134.7,56.6,44.76,42.02,-2.74,0.524,1.95,-5.9,0,0
2022-09-23,2021-04-22,2023-10-25,13.31,13.33,4.26,48.35,31.97,-16.38,0.5666,0.15,-4.3,0,0
2022-09-25,2020-05-21,2022-04-08,152.71,160.2,174.01,100.0,108.62,8.62,1.2475,4.9,2.2,1,0
2022-09-26,2021-12-05,2024-07-20,87.92,88.9,23.65,19.84,26.6,6.76,0.3079,1.11,11.8,1,0
2022-09-28,2019-11-05,2021-05-03,174.69,172.43,151.39,98.08,87.8,-10.28,1.5,-1.29,15.2,1,0
2022-09-29,2019-10-24,2022-03-05,117.77,120.97,83.86,68.87,69.33,0.46,1.241,2.72,23.3,1,0
2022-09-30,2020-11-13,2025-07-18,462.65,447.4,116.49,34.97,26.04,-8.93,0.4016,-3.3,-1.5,0,0
2022-10-02,2021-01-05,2022-03-28,104.61,123.72,71.87,62.96,58.09,-4.87,1.4206,18.27,34.7,1,1
2022-10-03,2021-04-26,2023-02-22,53.77,96.28,33.97,31.39,35.28,3.89,0.7871,79.05,8.4,1,1
2022-10-06,2020-11-26,2022-08-14,104.25,103.54,74.64,65.61,72.09,6.48,1.0847,-0.68,13.9,1,0
2022-10-09,2020-09-30,2023-11-22,172.77,177.64,127.6,65.54,71.83,6.29,0.6437,2.82,-0.5,0,0
2022-10-09,2020-10-26,2025-03-02,95.45,162.77,32.51,18.01,19.97,1.96,0.449,70.52,31.5,1,1
2022-10-10,2021-12-27,2026-06-12,94.51,169.8,27.34,5.9,16.1,10.2,0.1763,79.67,33.6,1,1
2022-10-11,2021-05-02,2024-03-23,40.63,67.42,32.63,51.51,48.4,-3.11,0.4991,65.94,3.2,1,1
2022-10-11,2020-03-17,2023-09-16,38.77,39.07,17.15,48.79,43.9,-4.88,0.734,0.76,13.4,1,0
2022-10-13,2020-12-19,2024-07-19,16.72,17.24,4.42,46.4,25.64,-20.76,0.5069,3.1,3.2,1,0
2022-10-13,2019-11-30,2022-10-12,734.72,715.49,674.86,95.07,94.32,-0.74,1.001,-2.62,-3.1,0,0
2022-10-14,2020-09-06,2025-04-16,20.23,19.68,10.27,47.54,52.17,4.64,0.4563,-2.76,1.4,1,0
2022-10-14,2020-12-20,2023-11-08,39.19,60.92,39.63,62.77,65.05,2.28,0.6296,55.44,1.8,1,1
2022-10-14,2020-12-18,2023-01-17,38.01,37.1,30.6,87.46,82.47,-4.99,0.875,-2.39,2.1,1,0
2022-10-17,2019-12-12,2024-02-15,263.46,250.53,170.67,61.37,68.12,6.76,0.6815,-4.91,-0.3,0,0
2022-10-19,2021-05-18,2024-09-02,63.18,64.12,25.43,40.25,39.66,-0.59,0.4314,1.48,-5.9,0,0
2022-10-20,2019-12-28,2023-03-29,40.12,45.98,40.43,84.04,87.93,3.89,0.8652,14.62,-4.9,0,1
2022-10-20,2021-10-17,2025-12-12,125.81,131.69,42.82,21.12,32.52,11.4,0.2426,4.67,-4.8,0,0
2022-10-20,2020-07-14,2023-12-08,402.34,402.78,257.36,57.76,63.9,6.13,0.6667,0.11,1.6,1,0
2022-10-21,2022-04-10,2023-05-28,33.04,33.27,16.8,47.78,50.5,2.71,0.4697,0.71,0.1,1,0
2022-10-22,2021-06-14,2024-08-10,1181.07,1224.0,591.99,43.49,48.37,4.88,0.4293,3.63,3.8,1,0
2022-10-23,2021-01-14,2022-11-02,21.65,34.96,19.82,57.31,56.69,-0.61,0.9848,61.51,27.2,1,1
2022-10-23,2021-12-24,2024-06-11,130.55,131.46,23.83,22.15,18.12,-4.02,0.3367,0.69,14.1,1,0
2022-10-24,2020-07-07,2022-05-13,192.58,199.67,207.51,100.0,103.93,3.93,1.243,3.68,-3.0,0,0
2022-10-25,2021-08-27,2024-02-14,147.9,236.3,85.15,24.01,36.03,12.02,0.4706,59.77,5.4,1,1
2022-10-26,2021-02-27,2023-11-27,72.07,109.14,58.59,58.61,53.68,-4.93,0.6042,51.44,-0.1,0,1
2022-10-31,2021-08-04,2025-12-18,94.88,101.45,17.51,17.04,17.26,0.21,0.2837,6.93,9.9,1,0
2022-10-31,2019-12-19,2022-08-14,75.46,95.34,100.56,100.0,105.48,5.48,1.0805,26.34,-1.7,0,1
2022-10-31,2021-11-15,2023-07-06,77.03,76.05,20.75,29.27,27.29,-1.99,0.5853,-1.28,19.0,1,0
2022-11-01,2021-08-21,2022-11-22,286.19,395.59,388.17,95.36,98.12,2.76,0.9541,38.23,-4.8,0,1
2022-11-02,2020-09-13,2022-08-05,1277.46,1324.35,1421.09,100.0,107.3,7.3,1.1288,3.67,-5.2,0,0
2022-11-03,2020-12-20,2022-08-01,46.11,44.93,24.8,39.41,55.2,15.79,1.1596,-2.56,32.7,1,0
2022-11-03,2021-01-10,2024-09-02,17.4,18.21,1.89,15.51,10.4,-5.11,0.4974,4.67,4.9,1,0
2022-11-05,2019-11-07,2023-04-14,80.97,92.64,76.7,77.91,82.79,4.88,0.8724,14.42,1.3,1,1
2022-11-06,2020-03-30,2024-12-11,34.32,33.79,17.95,52.97,53.12,0.15,0.5539,-1.52,0.1,1,0
2022-11-06,2020-11-06,2024-09-06,643.51,668.97,333.27,44.97,49.82,4.85,0.5214,3.96,-1.6,0,0
2022-11-06,2022-02-24,2023-03-06,1989.53,1939.32,1188.06,58.7,61.26,2.57,0.68,-2.52,-4.9,0,0
2022-11-07,2020-12-31,2022-02-03,674.01,705.46,690.4,100.0,97.87,-2.13,1.5,4.67,-5.4,0,0
2022-11-08,2021-06-03,2023-08-23,46.33,67.45,44.97,64.09,66.68,2.58,0.6449,45.6,-0.6,0,1
2022-11-10,2022-01-03,2026-05-30,178.18,174.99,16.46,19.85,9.41,-10.44,0.1934,-1.79,-5.2,0,0
2022-11-11,2021-05-25,2023-08-08,635.29,694.22,291.33,46.28,41.97,-4.31,0.6646,9.28,34.0,1,0
2022-11-11,2022-03-04,2024-12-15,57.11,58.19,17.33,21.39,29.78,8.38,0.2478,1.88,0.3,1,0
2022-11-12,2021-01-29,2023-09-15,70.51,105.0,72.77,61.23,69.3,8.07,0.6799,48.92,-0.4,0,1
2022-11-13,2021-01-20,2022-09-05,44.79,65.32,34.64,50.95,53.03,2.08,1.1164,45.83,10.1,1,1
2022-11-14,2021-08-18,2023-07-27,26.64,32.64,17.27,56.52,52.9,-3.62,0.6398,22.53,-3.1,0,1
2022-11-15,2020-01-11,2024-10-17,20.72,34.51,24.13,60.04,69.93,9.89,0.5968,66.51,0.3,1,1
2022-11-15,2021-05-23,2025-05-30,41.3,39.44,10.59,20.26,26.86,6.6,0.3685,-4.51,31.6,1,0
2022-11-16,2021-05-31,2026-04-19,93.78,92.4,12.74,17.09,13.79,-3.3,0.2993,-1.47,15.2,1,0
2022-11-18,2020-05-14,2024-12-17,35.73,35.07,13.46,50.03,38.39,-11.64,0.5471,-1.84,-5.9,0,0
2022-11-18,2020-09-06,2024-05-21,119.17,186.74,79.14,38.79,42.38,3.59,0.5935,56.7,21.4,1,1
2022-11-19,2020-01-04,2024-02-28,13.91,13.66,10.67,70.8,78.11,7.31,0.6926,-1.79,-1.2,0,0
2022-11-22,2020-05-10,2023-11-04,133.9,171.5,119.68,65.09,69.79,4.7,0.7274,28.08,-4.2,0,1
2022-11-26,2022-03-23,2026-11-18,141.02,233.72,30.02,15.29,12.84,-2.44,0.1458,65.74,-1.4,0,1
2022-11-26,2020-04-13,2021-06-26,392.76,584.17,593.47,100.0,101.59,1.59,1.5,48.73,-2.5,0,1
2022-11-26,2020-08-23,2025-06-05,244.75,240.09,147.78,49.03,61.55,12.52,0.4722,-1.91,-1.1,0,0
2022-11-26,2021-01-16,2023-06-26,10.0,10.47,9.06,73.91,86.46,12.55,0.7621,4.75,-2.6,0,0
2022-11-27,2020-07-31,2022-02-11,21.08,33.68,24.33,76.21,72.24,-3.97,1.5,59.77,9.1,1,1
2022-11-28,2020-04-24,2021-05-22,669.87,702.25,293.83,50.02,41.84,-8.18,1.5,4.83,16.7,1,0
2022-11-28,2020-07-15,2023-06-20,148.83,144.99,75.64,59.88,52.17,-7.71,0.8093,-2.58,24.0,1,0
2022-11-28,2022-01-28,2025-11-13,38.63,39.33,8.12,14.92,20.65,5.74,0.2195,1.81,11.2,1,0
2022-12-02,2021-08-30,2022-09-14,84.19,86.01,88.09,100.0,102.42,2.42,1.2079,2.16,-2.4,0,0
2022-12-05,2021-11-08,2026-10-24,175.91,277.29,62.18,15.3,22.42,7.12,0.2165,57.63,27.0,1,1
2022-12-06,2020-12-14,2024-02-26,98.61,94.56,69.29,53.03,73.28,20.25,0.6176,-4.11,2.0,1,0
2022-12-08,2020-02-26,2025-01-23,171.83,174.87,102.59,54.67,58.67,4.0,0.5666,1.77,2.9,1,0
2022-12-09,2021-08-06,2025-03-02,29.82,51.69,16.57,38.35,32.05,-6.3,0.3758,73.35,-3.5,0,1
2022-12-10,2021-12-17,2025-08-09,110.3,117.55,39.13,25.0,33.29,8.28,0.269,6.57,2.4,1,0
2022-12-10,2020-02-13,2024-02-17,16.5,21.24,12.24,64.08,57.62,-6.45,0.7038,28.68,-1.4,0,1
2022-12-12,2020-03-09,2021-10-23,78.77,76.49,64.18,69.91,83.9,13.99,1.5,-2.89,13.5,1,0
2022-12-12,2020-03-09,2023-10-26,30.43,31.47,9.99,47.51,31.74,-15.77,0.7602,3.42,16.8,1,0
2022-12-13,2021-11-25,2026-07-07,37.24,58.71,8.78,19.33,14.96,-4.37,0.2273,57.66,2.2,1,1
2022-12-14,2021-12-09,2024-11-22,396.75,410.39,167.05,35.73,40.71,4.98,0.3429,3.44,3.9,1,0
2022-12-14,2020-07-05,2024-03-14,333.48,519.14,381.58,64.08,73.5,9.42,0.6617,55.67,-4.3,0,1
2022-12-16,2022-06-16,2025-01-08,186.97,181.69,26.14,19.8,14.39,-5.42,0.1953,-2.82,-4.6,0,0
2022-12-17,2021-01-02,2023-09-08,24.27,39.25,26.36,74.03,67.16,-6.87,0.7293,61.72,-1.0,0,1
2022-12-20,2021-08-12,2023-07-03,61.58,64.37,40.63,61.93,63.12,1.19,0.7174,4.53,0.4,1,0
2022-12-21,2021-04-10,2026-01-25,385.95,369.46,123.46,18.15,33.42,15.27,0.3541,-4.27,16.7,1,0
2022-12-22,2021-07-17,2024-12-07,106.7,103.49,27.11,38.51,26.2,-12.31,0.4221,-3.01,2.6,1,0
2022-12-22,2022-02-12,2024-02-05,1455.63,1433.48,531.27,39.57,37.06,-2.51,0.4329,-1.52,-0.7,0,0
2022-12-24,2021-08-21,2023-07-10,144.31,164.56,70.45,40.73,42.81,2.08,0.7122,14.03,30.4,1,1
2022-12-24,2022-03-22,2026-11-30,113.35,168.71,8.23,11.25,4.88,-6.37,0.1616,48.84,3.6,1,1
2022-12-25,2021-06-16,2022-11-27,62.12,110.39,103.23,99.91,93.52,-6.4,1.0529,77.7,0.3,1,1
2022-12-25,2020-07-26,2023-10-01,105.66,140.89,92.79,67.73,65.86,-1.87,0.759,33.34,-5.6,0,1
2022-12-25,2020-03-08,2022-06-05,74.97,73.01,45.71,60.27,62.61,2.34,1.2479,-2.61,3.2,1,0
2022-12-27,2021-11-24,2026-01-17,283.74,405.59,90.47,10.58,22.31,11.72,0.2627,42.94,8.6,1,1
2022-12-27,2020-02-26,2024-05-16,210.55,274.66,172.57,64.39,62.83,-1.56,0.6716,30.45,-2.4,0,1
2022-12-29,2021-06-24,2023-01-02,35.05,35.77,32.78,86.92,91.66,4.74,0.9928,2.04,2.5,1,0
2022-12-30,2020-08-05,2023-04-23,18.22,17.71,7.33,38.32,41.39,3.07,0.885,-2.83,11.8,1,0
2022-12-31,2020-01-12,2022-06-24,10.0,9.87,10.68,100.0,108.22,8.22,1.2125,-1.33,2.2,1,0
2022-12-31,2022-03-24,2026-01-20,165.6,229.99,50.32,18.67,21.88,3.21,0.2017,38.88,2.5,1,1
2023-01-02,2021-02-20,2022-05-22,23.95,31.52,30.4,100.0,96.45,-3.55,1.4934,31.6,0.3,1,1
2023-01-02,2020-02-03,2021-06-20,10.0,10.45,5.75,57.12,55.02,-2.11,1.5,4.55,20.5,1,0
2023-01-02,2020-06-10,2022-10-03,143.49,163.06,148.33,100.0,90.96,-9.04,1.1077,13.64,-5.6,0,1
2023-01-04,2022-01-12,2026-09-29,89.36,85.5,21.47,17.67,25.11,7.45,0.2074,-4.32,0.7,1,0
2023-01-04,2020-08-28,2022-11-19,1792.92,3070.29,3466.89,96.88,112.92,16.04,1.0566,71.25,1.7,1,1
2023-01-06,2020-07-05,2023-11-20,246.21,241.7,109.8,65.9,45.43,-20.48,0.7421,-1.83,-5.5,0,0
2023-01-08,2022-04-16,2024-03-20,99.3,96.99,48.53,39.37,50.04,10.67,0.3793,-2.33,-0.6,0,0
2023-01-09,2021-07-20,2025-06-29,79.94,110.45,26.42,35.65,23.92,-11.73,0.3736,38.15,-0.8,0,1
2023-01-10,2020-12-16,2023-03-26,271.21,416.63,142.88,30.13,34.3,4.17,0.9096,53.62,30.9,1,1
2023-01-10,2021-04-12,2024-03-29,63.54,65.82,14.06,38.99,21.36,-17.63,0.5896,3.58,33.7,1,0
2023-01-11,2020-03-31,2023-06-07,124.07,206.0,165.49,83.76,80.33,-3.43,0.8736,66.03,2.1,1,1
2023-01-12,2021-10-20,2024-02-06,132.43,130.57,42.68,21.96,32.69,10.73,0.5352,-1.4,6.9,1,0
2023-01-12,2022-02-22,2024-03-28,40.38,41.13,20.48,38.63,49.8,11.17,0.4235,1.87,-1.8,0,0
2023-01-14,2022-04-13,2024-12-07,296.03,290.49,81.62,25.64,28.1,2.45,0.2848,-1.87,2.8,1,0
2023-01-15,2022-02-12,2025-08-31,72.97,84.91,25.63,23.89,30.19,6.3,0.26,16.36,-0.4,0,1
2023-01-15,2021-05-02,2025-01-22,36.35,51.18,10.34,31.51,20.2,-11.31,0.4578,40.81,14.8,1,1
2023-01-20,2021-11-21,2025-05-30,171.37,162.97,25.11,11.1,15.41,4.31,0.3305,-4.9,17.2,1,0
2023-01-20,2022-01-04,2025-04-03,30.63,30.35,10.8,28.78,35.58,6.81,0.3215,-0.91,0.7,1,0
2023-01-21,2020-05-12,2023-02-27,93.11,91.52,98.58,87.15,107.71,20.56,0.9638,-1.71,3.9,1,0
2023-01-24,2020-11-11,2023-07-01,89.04,116.07,85.38,78.55,73.56,-4.99,0.8358,30.36,3.1,1,1
2023-01-25,2022-04-26,2026-07-15,331.32,379.4,40.58,10.57,10.7,0.13,0.1778,14.51,2.8,1,1
2023-01-31,2021-10-23,2024-03-19,159.12,156.0,60.06,37.88,38.5,0.62,0.5296,-1.96,21.2,1,0
2023-02-02,2021-02-19,2024-12-14,87.35,90.08,20.03,16.65,22.24,5.59,0.5115,3.12,27.4,1,0
2023-02-03,2020-02-20,2022-07-03,240.16,235.21,251.78,100.0,107.04,7.04,1.2488,-2.06,-4.1,0,0
2023-02-03,2021-06-10,2024-05-26,477.35,575.98,171.05,21.21,29.7,8.49,0.5578,20.66,34.1,1,1
2023-02-06,2021-01-02,2025-02-16,175.8,179.8,82.15,37.79,45.69,7.9,0.508,2.27,30.0,1,0
2023-02-07,2022-02-15,2024-10-07,91.14,92.9,10.36,23.0,11.15,-11.85,0.3699,1.93,23.7,1,0
2023-02-09,2022-07-01,2025-04-26,18.65,19.56,0.0,12.48,0.0,-12.48,0.2165,4.87,4.1,1,0
2023-02-11,2021-06-11,2023-09-21,25.07,24.39,15.9,69.32,65.2,-4.12,0.7332,-2.75,-2.8,0,0
2023-02-12,2021-08-20,2025-08-03,71.93,118.84,22.31,22.45,18.77,-3.68,0.3747,65.23,30.5,1,1
2023-02-12,2022-07-11,2024-02-23,96.35,93.04,12.86,16.51,13.82,-2.69,0.3649,-3.44,12.6,1,0
2023-02-12,2021-03-24,2022-08-31,62.41,92.54,92.28,100.0,99.72,-0.28,1.3143,48.27,0.8,1,1
2023-02-12,2020-06-08,2022-03-04,43.32,43.79,41.58,99.86,94.95,-4.91,1.5,1.1,14.9,1,0
2023-02-13,2020-06-07,2023-10-03,169.97,174.25,54.8,26.83,31.45,4.62,0.8087,2.52,21.4,1,0
2023-02-14,2022-04-19,2023-09-14,82.72,121.95,30.06,32.92,24.65,-8.27,0.5867,47.44,24.0,1,1
2023-02-16,2021-08-18,2025-07-22,161.39,157.75,57.31,36.95,36.33,-0.62,0.3815,-2.25,-5.9,0,0
2023-02-16,2022-05-10,2026-07-20,97.26,131.03,7.52,6.3,5.74,-0.56,0.1841,34.72,32.0,1,1
2023-02-17,2021-11-03,2024-07-26,10.0,9.83,3.16,27.67,32.11,4.44,0.4729,-1.66,10.0,1,0
2023-02-17,2021-08-17,2026-05-11,29.16,29.39,10.7,27.12,36.41,9.3,0.3177,0.79,0.9,1,0
2023-02-18,2021-11-23,2024-01-09,75.72,88.11,58.87,53.34,66.81,13.47,0.5817,16.36,3.1,1,1
2023-02-20,2022-07-28,2024-08-17,565.04,627.46,136.82,23.74,21.81,-1.94,0.2756,11.05,3.9,1,1
2023-02-20,2021-01-21,2023-06-24,21.08,28.98,20.36,76.24,70.27,-5.97,0.8597,37.46,3.6,1,1
2023-02-20,2021-01-21,2025-10-19,184.92,187.35,51.09,43.27,27.27,-16.0,0.4388,1.32,-5.7,0,0
2023-02-23,2022-03-04,2023-12-03,388.59,371.14,151.9,53.64,40.93,-12.71,0.5571,-4.49,-2.8,0,0
2023-02-24,2020-07-20,2022-07-07,69.68,67.82,49.05,50.45,72.33,21.88,1.3236,-2.67,25.1,1,0
2023-02-24,2020-06-25,2024-06-18,538.55,538.11,337.23,69.65,62.67,-6.98,0.6699,-0.08,-4.2,0,0
2023-02-27,2020-05-18,2024-05-24,107.6,179.83,46.06,21.1,25.61,4.51,0.6919,67.13,5.9,1,1
2023-03-03,2022-01-16,2024-09-04,60.07,58.16,27.08,39.09,46.57,7.47,0.4272,-3.18,-2.2,0,0
2023-03-03,2021-12-28,2026-05-06,43.12,43.13,13.25,27.98,30.71,2.72,0.2704,0.04,2.6,1,0
2023-03-04,2021-12-25,2024-07-04,62.62,95.34,57.73,43.94,60.55,16.61,0.4707,52.26,-3.8,0,1
2023-03-05,2021-09-25,2025-10-13,110.44,110.05,26.11,30.4,23.72,-6.68,0.3556,-0.36,3.1,1,0
2023-03-05,2021-03-14,2022-07-04,56.5,55.13,54.24,100.0,98.38,-1.62,1.5,-2.42,-4.5,0,0
2023-03-07,2020-05-08,2021-09-25,109.15,105.14,97.69,100.0,92.91,-7.09,1.5,-3.67,3.4,1,0
2023-03-08,2021-07-24,2026-02-25,90.35,158.62,64.57,34.71,40.71,6.0,0.353,75.57,-5.9,0,1
2023-03-08,2022-01-04,2025-01-02,152.07,157.66,61.02,40.22,38.71,-1.52,0.3912,3.68,1.3,1,0
2023-03-10,2021-06-01,2024-01-10,375.69,641.07,346.8,61.19,54.1,-7.09,0.6789,70.64,-2.9,0,1
2023-03-11,2021-05-12,2023-06-26,281.31,500.23,464.39,89.3,92.84,3.53,0.8619,77.82,-2.3,0,1
2023-03-12,2022-07-27,2024-08-06,15.15,15.57,5.52,29.81,35.48,5.67,0.3077,2.76,-1.3,0,0
2023-03-12,2021-05-12,2026-03-19,10.0,10.31,4.16,38.14,40.31,2.17,0.3775,3.08,-1.7,0,0
2023-03-13,2021-01-28,2024-02-17,17.46,23.64,14.81,61.95,62.66,0.7,0.6942,35.41,-0.2,0,1
2023-03-13,2021-05-07,2025-07-25,276.22,298.37,98.45,25.8,33.0,7.2,0.4383,8.02,21.4,1,0
2023-03-14,2022-09-12,2025-05-30,68.74,98.79,14.14,19.06,14.31,-4.75,0.1847,43.72,-1.3,0,1
2023-03-18,2022-01-26,2026-09-29,22.11,32.84,10.43,25.26,31.75,6.49,0.2437,48.55,1.0,1,1
2023-03-18,2020-08-30,2025-06-22,10.36,18.14,7.83,50.26,43.14,-7.12,0.5293,75.2,1.2,1,1
2023-03-18,2021-11-04,2025-07-25,172.39,267.93,59.55,31.26,22.23,-9.03,0.3672,55.42,-1.6,0,1
2023-03-19,2021-12-27,2024-11-28,223.85,222.92,74.52,24.18,33.43,9.25,0.4189,-0.42,24.2,1,0
2023-03-20,2021-06-23,2023-09-27,45.07,45.2,15.03,36.04,33.26,-2.78,0.7688,0.29,3.3,1,0
2023-03-21,2021-06-22,2022-07-03,10.0,9.53,10.8,100.0,113.33,13.33,1.5,-4.66,8.2,1,0
2023-03-21,2020-09-25,2024-12-17,46.74,47.39,11.98,18.43,25.28,6.85,0.5874,1.39,32.4,1,0
2023-03-22,2021-06-28,2023-10-17,144.05,257.4,167.43,68.44,65.05,-3.39,0.7515,78.69,-0.1,0,1
2023-03-23,2022-09-20,2026-04-15,15.26,15.16,2.72,14.02,17.91,3.89,0.1412,-0.65,-3.7,0,0
2023-03-24,2021-04-06,2023-05-11,112.17,109.85,110.87,80.71,100.94,20.23,0.9373,-2.07,0.5,1,0
2023-03-24,2020-03-25,2023-06-10,88.38,88.78,83.9,88.47,94.5,6.03,0.9334,0.45,-2.7,0,0
2023-03-25,2021-12-02,2023-05-27,180.4,173.78,73.04,37.37,42.03,4.65,0.8835,-3.67,10.4,1,0
2023-03-25,2021-03-23,2025-12-16,103.91,105.9,27.07,30.32,25.56,-4.76,0.4234,1.92,15.1,1,0
2023-03-28,2020-06-07,2021-08-02,28.0,28.83,33.08,100.0,114.76,14.76,1.5,2.95,-3.2,0,0
2023-03-30,2021-05-30,2023-08-20,378.38,505.4,302.18,49.25,59.79,10.54,0.8239,33.57,29.5,1,1
2023-03-31,2020-10-21,2022-05-10,29.37,30.48,25.97,83.89,85.2,1.32,1.5,3.77,20.9,1,0
2023-03-31,2020-09-16,2023-09-23,87.12,84.03,84.63,85.67,100.71,15.04,0.8403,-3.54,-2.6,0,0
2023-03-31,2021-12-28,2023-07-18,74.42,71.48,39.94,60.56,55.88,-4.68,0.8078,-3.96,35.5,1,0
2023-04-01,2022-07-04,2027-03-18,52.88,53.03,5.1,16.35,9.63,-6.72,0.1577,0.28,0.8,1,0
2023-04-03,2021-03-05,2023-03-02,31.13,37.74,12.93,39.05,34.27,-4.79,1.044,21.22,8.7,1,1
2023-04-03,2021-07-18,2024-12-25,73.15,101.08,25.52,18.23,25.25,7.02,0.4968,38.19,14.4,1,1
2023-04-04,2020-10-15,2023-01-11,702.08,712.58,349.12,55.66,48.99,-6.67,1.1015,1.5,24.7,1,0
2023-04-05,2022-02-03,2024-01-24,17.35,17.99,3.45,28.02,19.2,-8.82,0.5917,3.68,17.2,1,0
2023-04-06,2022-01-18,2023-08-21,12.98,13.41,9.23,72.33,68.82,-3.51,0.7638,3.28,3.7,1,0
2023-04-07,2021-01-06,2024-09-03,526.05,784.35,416.24,55.38,53.07,-2.32,0.6145,49.1,0.6,1,1
2023-04-08,2020-04-14,2022-10-20,70.02,92.07,87.11,100.0,94.61,-5.39,1.185,31.48,3.8,1,1
2023-04-09,2022-09-30,2026-03-04,40.33,38.77,3.97,13.87,10.23,-3.63,0.1527,-3.88,-0.3,0,0
2023-04-10,2021-10-27,2022-11-18,313.53,299.4,321.36,100.0,107.34,7.34,1.3695,-4.51,-1.6,0,0
2023-04-11,2021-12-17,2023-05-20,43.52,42.47,37.95,87.31,89.36,2.05,0.9249,-2.43,-0.5,0,0
2023-04-14,2022-08-15,2026-12-06,805.3,775.96,11.01,5.54,1.42,-4.13,0.1537,-3.64,28.9,1,0
2023-04-15,2022-08-12,2024-04-16,203.06,198.19,76.47,42.01,38.58,-3.42,0.4013,-2.4,-2.0,0,0
2023-04-15,2021-11-08,2024-11-25,50.12,75.13,31.99,43.63,42.58,-1.05,0.4699,49.89,-1.4,0,1
2023-04-17,2021-12-06,2025-02-17,1198.43,1251.52,483.38,39.22,38.62,-0.6,0.4251,4.43,2.5,1,0
2023-04-18,2022-05-27,2023-10-07,43.52,44.0,26.07,59.81,59.25,-0.56,0.6546,1.1,1.6,1,0
2023-04-19,2020-12-16,2023-01-09,128.91,131.63,70.62,52.07,53.65,1.58,1.1326,2.1,3.1,1,0
2023-04-19,2020-10-13,2022-08-29,219.32,226.66,166.96,66.62,73.66,7.04,1.3401,3.35,31.7,1,0
2023-04-21,2020-11-09,2023-01-16,429.27,412.64,420.11,100.0,101.81,1.81,1.119,-3.87,-4.1,0,0
2023-04-22,2021-10-16,2025-08-26,586.29,890.71,312.3,23.65,35.06,11.41,0.3922,51.92,24.2,1,1
2023-04-22,2022-07-01,2025-11-19,93.54,91.44,28.37,16.01,31.02,15.01,0.2385,-2.25,27.1,1,0
2023-04-24,2021-07-29,2025-09-19,36.45,43.32,3.67,18.32,8.47,-9.85,0.419,18.86,2.1,1,1
2023-04-24,2020-07-12,2024-07-18,156.33,153.84,60.01,51.64,39.01,-12.63,0.6926,-1.59,23.4,1,0
2023-04-24,2021-09-28,2025-02-01,39.91,60.0,7.72,15.67,12.87,-2.8,0.4689,50.33,22.0,1,1
2023-04-24,2021-06-14,2022-08-03,1008.34,1636.31,1738.82,100.0,106.27,6.27,1.5,62.28,1.7,1,1
2023-04-25,2022-05-30,2023-11-21,106.04,103.7,66.24,60.87,63.88,3.01,0.6111,-2.21,2.8,1,0
2023-04-26,2021-05-21,2023-01-28,112.35,107.01,58.5,57.81,54.67,-3.14,1.1426,-4.75,31.1,1,0
2023-04-26,2021-05-14,2024-09-29,58.07,70.85,44.91,54.96,63.39,8.43,0.577,22.01,1.0,1,1
2023-04-27,2022-10-09,2026-05-31,17.88,18.23,0.0,6.26,0.0,-6.26,0.1504,1.97,9.9,1,0
2023-04-27,2022-07-04,2026-12-24,28.05,38.75,2.67,17.82,6.88,-10.93,0.1818,38.14,-4.6,0,1
2023-05-01,2022-03-19,2025-03-26,380.12,392.91,148.82,33.36,37.88,4.52,0.3699,3.36,-4.3,0,0
2023-05-02,2020-09-04,2024-10-07,40.92,42.87,27.69,56.09,64.59,8.49,0.6493,4.74,-4.4,0,0
2023-05-05,2021-09-10,2026-01-08,25.63,26.85,5.44,35.51,20.26,-15.25,0.3808,4.76,-4.7,0,0
2023-05-06,2020-06-21,2025-02-19,171.4,229.68,88.5,27.25,38.53,11.29,0.6156,34.0,13.4,1,1
2023-05-06,2022-04-23,2024-02-18,373.47,406.47,223.04,51.15,54.87,3.72,0.5676,8.84,-4.0,0,0
2023-05-07,2021-08-25,2024-02-23,213.31,287.61,193.04,67.68,67.12,-0.56,0.6798,34.83,-4.9,0,1
2023-05-09,2022-01-17,2025-01-01,297.45,426.48,49.42,16.6,11.59,-5.01,0.4417,43.38,4.7,1,1
2023-05-10,2021-08-16,2024-10-02,36.3,51.27,31.89,49.46,62.19,12.73,0.5529,41.25,3.9,1,1
2023-05-11,2022-07-06,2024-03-29,16.34,16.59,9.3,48.88,56.05,7.18,0.4889,1.5,2.8,1,0
2023-05-12,2022-09-07,2026-12-13,545.44,571.76,75.97,9.36,13.29,3.93,0.1585,4.82,31.7,1,0
2023-05-13,2020-09-12,2024-06-17,61.12,63.63,17.83,33.88,28.02,-5.85,0.7082,4.12,31.8,1,0
2023-05-13,2021-08-29,2024-03-01,66.62,66.21,23.63,22.77,35.69,12.91,0.6798,-0.61,25.8,1,0
2023-05-17,2020-09-27,2025-05-04,443.12,485.89,290.58,59.56,59.8,0.24,0.5726,9.65,-4.7,0,0
2023-05-17,2022-01-25,2026-04-03,175.47,193.61,41.47,19.03,21.42,2.39,0.312,10.34,26.9,1,1
2023-05-18,2022-08-12,2026-10-24,155.57,230.3,26.56,10.95,11.53,0.58,0.1819,48.04,14.4,1,1
2023-05-22,2022-09-09,2027-08-27,1209.55,1783.5,0.0,5.23,0.0,-5.23,0.1407,47.45,15.8,1,1
2023-05-22,2021-12-04,2023-10-13,41.59,41.42,29.72,69.2,71.76,2.56,0.7876,-0.41,2.8,1,0
2023-05-23,2022-09-18,2024-03-19,274.08,261.88,136.76,46.65,52.22,5.58,0.4507,-4.45,0.8,1,0
2023-05-23,2022-01-19,2024-12-31,96.39,170.6,61.42,39.54,36.0,-3.53,0.454,76.98,0.6,1,1
2023-05-24,2022-07-12,2023-11-16,124.25,135.0,31.75,21.65,23.52,1.87,0.6423,8.65,20.7,1,0
2023-05-24,2020-06-15,2025-01-15,563.5,587.65,339.75,57.35,57.82,0.47,0.6406,4.29,-4.8,0,0
2023-05-25,2021-12-11,2026-06-09,165.57,167.91,67.57,32.92,40.24,7.32,0.323,1.41,-1.8,0,0
2023-05-25,2022-10-27,2025-09-25,171.74,204.19,31.86,17.99,15.6,-2.39,0.1974,18.9,-4.1,0,1
2023-05-27,2022-07-01,2024-07-20,326.04,326.86,156.7,46.13,47.94,1.81,0.44,0.25,-5.0,0,0
2023-05-28,2021-01-17,2025-06-23,58.09,55.57,27.31,45.64,49.14,3.5,0.5321,-4.34,-3.0,0,0
2023-05-29,2020-07-26,2022-04-22,32.88,35.65,34.73,100.0,97.43,-2.57,1.5,8.42,2.6,1,0
2023-05-31,2020-11-10,2024-01-29,25.69,45.21,10.5,29.84,23.24,-6.6,0.7932,75.95,25.4,1,1
2023-06-06,2022-07-16,2024-09-02,10.0,9.98,3.68,42.23,36.93,-5.3,0.4172,-0.22,-3.1,0,0
2023-06-07,2022-09-10,2024-03-25,1061.51,1046.15,549.76,49.28,52.55,3.27,0.4804,-1.45,-1.8,0,0
2023-06-07,2021-01-08,2025-09-15,23.95,24.39,10.38,44.45,42.57,-1.88,0.5143,1.83,-0.9,0,0
2023-06-08,2020-12-07,2024-11-20,69.03,81.27,42.4,54.15,52.16,-1.99,0.6323,17.74,-4.2,0,1
2023-06-09,2022-03-27,2026-08-04,130.18,127.16,28.23,14.05,22.2,8.16,0.2759,-2.32,14.1,1,0
2023-06-09,2021-12-29,2025-04-07,64.57,73.95,36.15,44.05,48.89,4.83,0.441,14.52,3.6,1,1
2023-06-11,2020-09-08,2023-05-28,239.58,235.16,160.03,58.52,68.05,9.53,1.0141,-1.84,34.4,1,0
2023-06-12,2021-04-18,2023-12-12,252.79,312.04,200.94,69.29,64.39,-4.9,0.811,23.44,-5.9,0,1
2023-06-14,2021-12-22,2026-02-25,44.71,45.41,17.15,30.37,37.76,7.38,0.3532,1.56,-1.1,0,0
2023-06-14,2021-02-25,2026-02-09,73.66,70.27,35.86,34.36,51.04,16.68,0.4635,-4.6,25.8,1,0
2023-06-18,2021-12-02,2025-11-16,126.36,127.59,28.4,21.25,22.26,1.01,0.3896,0.98,9.0,1,0
2023-06-18,2021-12-02,2025-09-06,66.79,69.26,25.81,37.85,37.27,-0.59,0.4098,3.7,-2.5,0,0
2023-06-18,2020-08-08,2021-10-17,619.44,643.65,629.14,100.0,97.75,-2.25,1.5,3.91,-5.8,0,0
2023-06-19,2020-12-06,2023-07-22,217.42,216.54,222.74,96.13,102.87,6.74,0.9656,-0.41,-5.3,0,0
2023-06-19,2021-05-22,2024-11-17,162.26,161.43,74.1,54.41,45.9,-8.51,0.5945,-0.51,3.8,1,0
2023-06-20,2020-08-25,2025-06-20,199.43,220.88,110.98,50.79,50.24,-0.55,0.5847,10.76,3.0,1,1
2023-06-21,2022-03-07,2024-10-26,368.03,374.32,175.09,47.97,46.78,-1.2,0.4886,1.71,-2.9,0,0
2023-06-23,2021-04-18,2023-09-13,111.86,173.7,153.38,82.8,88.3,5.5,0.9066,55.28,-0.1,0,1
2023-06-23,2022-04-25,2023-07-17,18.99,18.5,18.66,94.64,100.87,6.24,0.9464,-2.55,0.8,1,0
2023-06-26,2022-08-12,2026-05-01,145.42,197.49,31.08,20.54,15.74,-4.81,0.2342,35.81,-4.6,0,1
2023-06-26,2022-10-05,2026-09-05,41.2,58.39,8.4,18.99,14.38,-4.62,0.1845,41.72,-1.6,0,1
2023-06-28,2022-10-12,2025-06-08,181.93,194.3,80.62,24.58,41.49,16.91,0.267,6.8,-5.4,0,0
2023-06-28,2021-02-14,2024-06-01,47.73,64.99,38.71,64.53,59.56,-4.97,0.7182,36.16,-2.7,0,1
2023-06-30,2020-09-05,2023-11-23,397.8,399.81,253.46,51.58,63.4,11.82,0.8756,0.51,6.9,1,0
2023-07-01,2020-07-28,2025-06-15,130.4,125.21,26.08,23.83,20.83,-3.0,0.599,-3.98,25.3,1,0
2023-07-01,2021-11-18,2023-03-30,92.34,89.5,50.14,50.36,56.02,5.66,1.1871,-3.08,9.0,1,0
2023-07-02,2022-03-21,2026-03-13,694.13,1226.9,138.53,13.35,11.29,-2.06,0.3221,76.75,21.0,1,1
2023-07-03,2020-08-22,2022-06-07,120.17,180.2,146.01,78.12,81.03,2.91,1.5,49.95,8.9,1,1
2023-07-06,2022-05-29,2024-06-07,2042.68,3261.13,1881.24,40.01,57.69,17.67,0.5446,59.65,32.7,1,1
2023-07-06,2021-03-22,2024-04-28,177.44,228.28,182.03,77.43,79.74,2.31,0.7379,28.65,-0.3,0,1
2023-07-09,2022-02-19,2024-05-30,10.88,11.26,6.64,54.91,58.98,4.07,0.6077,3.44,-2.8,0,0
2023-07-10,2022-09-02,2027-01-20,222.3,272.91,0.0,9.0,0.0,-9.0,0.1943,22.77,8.9,1,1
2023-07-12,2022-03-23,2026-06-06,142.22,159.68,46.99,27.37,29.43,2.06,0.3099,12.27,-3.5,0,1
2023-07-13,2022-02-18,2024-06-02,423.14,501.11,249.05,60.85,49.7,-11.15,0.6108,18.43,2.6,1,1
2023-07-15,2022-06-01,2023-10-27,201.91,332.77,240.38,76.13,72.23,-3.9,0.7973,64.81,-2.9,0,1
2023-07-15,2021-01-14,2022-04-11,76.24,78.19,78.49,100.0,100.38,0.38,1.5,2.57,-3.5,0,0
2023-07-17,2020-08-08,2025-04-16,20.71,20.89,7.72,39.38,36.96,-2.42,0.6268,0.82,15.4,1,0
2023-07-18,2022-09-11,2024-10-10,70.05,98.51,24.47,29.93,24.84,-5.09,0.4079,40.63,26.8,1,1
2023-07-19,2020-11-24,2024-01-22,32.44,56.5,43.13,81.35,76.33,-5.02,0.838,74.18,-3.3,0,1
2023-07-24,2021-05-10,2026-04-06,44.85,49.54,8.12,18.07,16.38,-1.69,0.4492,10.46,14.8,1,1
2023-07-26,2022-11-04,2026-11-13,182.42,229.93,37.01,18.13,16.1,-2.04,0.1796,26.05,2.8,1,1
2023-07-27,2021-12-09,2026-07-10,667.73,876.37,319.55,36.3,36.46,0.16,0.3554,31.25,3.5,1,1
2023-07-30,2021-11-20,2025-04-02,21.43,20.4,8.25,30.21,40.44,10.23,0.502,-4.83,29.8,1,0
2023-07-30,2021-01-31,2025-12-06,144.55,149.47,43.29,29.4,28.96,-0.44,0.5141,3.4,23.3,1,0
2023-08-01,2022-02-22,2026-09-07,153.47,146.55,2.47,18.08,1.69,-16.4,0.3166,-4.51,17.5,1,0
2023-08-01,2021-12-05,2026-07-12,378.4,381.16,137.44,34.1,36.06,1.96,0.3595,0.73,-1.9,0,0
2023-08-03,2021-12-28,2023-01-20,43.3,44.69,44.94,100.0,100.57,0.57,1.5,3.19,-3.0,0,0
2023-08-04,2022-05-08,2025-12-18,76.64,75.32,9.39,13.54,12.47,-1.07,0.3432,-1.73,2.1,1,0
2023-08-06,2020-10-11,2022-08-17,91.62,90.24,53.2,64.59,58.95,-5.65,1.5,-1.5,10.6,1,0
2023-08-06,2022-10-19,2027-03-03,35.1,35.44,3.8,11.92,10.73,-1.2,0.1823,0.96,18.8,1,0
2023-08-09,2021-11-18,2024-09-11,195.97,349.54,33.82,22.74,9.68,-13.07,0.6119,78.37,23.0,1,1
2023-08-10,2021-05-21,2023-08-01,77.86,74.17,74.83,99.23,100.88,1.65,1.0112,-4.73,1.2,1,0
2023-08-12,2022-04-04,2025-03-09,148.92,152.43,38.39,22.08,25.18,3.1,0.4626,2.35,26.0,1,0
2023-08-14,2021-10-04,2026-06-24,31.03,31.42,10.81,40.03,34.4,-5.63,0.3939,1.26,-5.8,0,0
2023-08-14,2020-11-21,2023-01-16,53.25,53.68,62.02,100.0,115.53,15.53,1.2672,0.81,-0.8,0,0
2023-08-15,2021-02-19,2023-01-05,214.19,219.37,193.11,88.99,88.03,-0.96,1.3241,2.42,11.9,1,0
2023-08-16,2023-01-22,2025-08-30,57.55,85.39,16.99,19.55,19.9,0.35,0.2166,48.38,-1.6,0,1
2023-08-18,2022-12-23,2026-07-26,715.05,694.02,199.47,18.05,28.74,10.69,0.1815,-2.94,-3.0,0,0
2023-08-21,2021-09-12,2025-12-11,55.73,92.12,54.23,41.73,58.87,17.14,0.4565,65.31,3.9,1,1
2023-08-22,2021-04-19,2025-07-20,117.87,200.37,91.74,54.78,45.79,-8.99,0.5505,69.98,-3.3,0,1
2023-08-22,2022-10-12,2026-02-06,275.64,301.75,56.91,23.48,18.86,-4.62,0.2589,9.47,-1.1,0,0
2023-08-26,2022-08-26,2027-04-05,16.41,16.7,3.49,21.7,20.88,-0.82,0.2169,1.76,-2.0,0,0
2023-08-27,2021-02-18,2025-09-18,14.43,19.65,11.13,49.86,56.63,6.77,0.5499,36.19,-4.0,0,1
2023-08-27,2021-10-17,2022-11-27,10.88,12.57,10.36,88.37,82.43,-5.94,1.5,15.5,9.1,1,1
2023-08-28,2021-09-18,2025-04-13,409.57,414.82,186.06,51.68,44.85,-6.82,0.5441,1.28,3.2,1,0
2023-08-29,2021-12-12,2024-01-02,46.42,62.76,51.23,71.49,81.62,10.13,0.8322,35.21,2.6,1,1
2023-08-29,2022-12-29,2027-03-04,1938.83,1862.37,356.03,14.13,19.12,4.99,0.1592,-3.94,-4.0,0,0
2023-08-29,2021-04-18,2025-08-10,45.74,47.17,31.19,56.82,66.13,9.31,0.5479,3.13,2.8,1,0
2023-09-01,2022-06-25,2025-12-20,112.33,129.34,37.17,35.53,28.74,-6.79,0.3399,15.14,-3.9,0,1
2023-09-06,2021-12-01,2024-11-15,572.8,579.57,124.59,24.57,21.5,-3.07,0.5963,1.18,15.2,1,0
2023-09-06,2021-06-09,2023-08-13,999.56,1346.4,1345.68,92.76,99.95,7.18,1.0302,34.7,-5.2,0,1
2023-09-07,2021-04-23,2023-10-28,1068.28,1089.99,991.15,85.2,90.93,5.73,0.9444,2.03,2.8,1,0
2023-09-11,2021-02-28,2026-02-06,383.77,396.6,190.02,50.21,47.91,-2.29,0.5127,3.34,-5.5,0,0
2023-09-15,2022-09-19,2025-11-26,307.62,293.97,76.24,27.09,25.93,-1.16,0.3101,-4.44,-0.5,0,0
2023-09-18,2021-04-18,2023-06-17,183.28,187.82,181.29,100.0,96.53,-3.47,1.1177,2.48,1.8,1,0
2023-09-18,2021-06-26,2026-06-04,229.07,396.36,154.62,40.38,39.01,-1.37,0.4512,73.03,-4.8,0,1
2023-09-21,2020-10-31,2021-11-25,46.46,83.33,48.58,66.02,58.3,-7.72,1.5,79.36,29.0,1,1
2023-09-21,2021-01-20,2025-11-14,33.72,34.2,14.87,52.56,43.49,-9.07,0.5537,1.4,-5.6,0,0
2023-09-22,2021-07-12,2022-09-05,73.39,76.75,75.49,100.0,98.36,-1.64,1.5,4.58,-2.9,0,0
2023-09-22,2022-05-14,2026-11-10,52.25,49.82,20.06,31.06,40.27,9.21,0.3023,-4.67,-0.4,0,0
2023-09-22,2021-05-06,2023-05-25,89.65,87.99,95.06,100.0,108.04,8.04,1.1602,-1.86,0.8,1,0
2023-09-23,2021-06-16,2024-03-10,207.61,209.27,167.12,75.09,79.86,4.77,0.8307,0.8,3.3,1,0
2023-09-24,2022-03-18,2023-07-01,283.26,273.81,207.58,73.31,75.81,2.5,1.1809,-3.33,9.3,1,0
2023-09-25,2022-10-23,2026-12-19,100.09,149.67,3.82,8.24,2.55,-5.68,0.222,49.53,11.5,1,1
2023-09-25,2022-12-31,2026-04-27,530.08,512.9,50.36,19.51,9.82,-9.69,0.2209,-3.24,0.8,1,0
2023-09-25,2021-12-19,2024-10-18,22.87,22.27,4.33,23.11,19.46,-3.66,0.6238,-2.65,18.9,1,0
2023-09-26,2021-12-18,2023-12-28,71.35,100.16,76.1,63.72,75.98,12.26,0.8743,40.38,34.1,1,1
2023-09-27,2022-10-22,2025-11-02,38.08,39.66,8.7,14.82,21.93,7.11,0.3071,4.15,17.1,1,0
2023-09-28,2020-11-27,2024-07-20,10.0,9.71,6.72,73.59,69.19,-4.4,0.7776,-2.88,-2.1,0,0
2023-09-29,2022-02-12,2023-12-16,81.51,78.61,18.49,27.08,23.52,-3.56,0.8839,-3.56,25.4,1,0
2023-09-29,2021-02-22,2022-05-23,77.78,124.97,115.68,100.0,92.57,-7.43,1.5,60.67,2.1,1,1
2023-10-03,2022-08-19,2027-07-05,553.43,591.56,60.77,22.65,10.27,-12.38,0.2302,6.89,0.2,1,0
2023-10-04,2022-12-02,2026-02-10,191.9,199.8,52.83,25.63,26.44,0.81,0.2624,4.12,-3.3,0,0
2023-10-05,2023-03-14,2025-02-15,389.65,485.45,168.16,29.78,34.64,4.86,0.2912,24.59,3.2,1,1
2023-10-05,2021-02-23,2024-10-28,181.0,174.79,109.75,67.61,62.79,-4.82,0.7103,-3.43,-4.3,0,0
2023-10-05,2021-09-03,2022-12-21,26.34,25.41,28.91,100.0,113.8,13.8,1.5,-3.53,-3.2,0,0
2023-10-05,2023-03-04,2025-10-08,832.9,1226.79,310.83,11.44,25.34,13.9,0.2266,47.29,29.7,1,1
2023-10-06,2020-11-18,2022-11-08,68.59,101.21,89.48,100.0,88.4,-11.6,1.4611,47.55,-0.3,0,1
2023-10-08,2021-02-28,2022-08-14,28.46,28.73,31.14,100.0,108.38,8.38,1.5,0.94,-0.2,0,0
2023-10-09,2023-02-20,2025-08-29,57.59,59.06,16.8,24.87,28.44,3.58,0.2508,2.55,-2.3,0,0
2023-10-11,2021-09-08,2025-02-28,332.45,501.2,173.72,37.19,34.66,-2.53,0.6013,50.76,24.0,1,1
2023-10-11,2022-02-19,2023-06-03,863.94,859.45,371.79,47.13,43.26,-3.87,1.2772,-0.52,20.8,1,0
2023-10-12,2021-11-11,2023-04-09,573.58,659.55,691.23,100.0,104.8,4.8,1.3619,14.99,-2.1,0,1
2023-10-15,2020-12-08,2022-05-02,50.07,62.38,58.26,100.0,93.39,-6.61,1.5,24.6,-3.4,0,1
2023-10-16,2021-08-18,2024-08-02,23.49,23.0,5.9,23.73,25.64,1.91,0.7306,-2.08,25.4,1,0
2023-10-16,2023-03-04,2026-07-24,106.6,104.41,8.68,18.07,8.31,-9.76,0.1826,-2.05,2.1,1,0
2023-10-17,2021-12-13,2023-10-07,10.78,10.63,12.45,99.37,117.2,17.83,1.0151,-1.45,3.7,1,0
2023-10-17,2021-12-07,2026-03-11,132.66,133.52,23.79,23.32,17.82,-5.5,0.4367,0.65,31.1,1,0
2023-10-19,2022-08-22,2025-05-28,75.41,79.54,35.94,40.0,45.19,5.19,0.4188,5.48,1.8,1,0
2023-10-19,2022-12-24,2025-12-15,51.46,73.18,13.91,28.59,19.01,-9.58,0.2751,42.22,-0.7,0,1
2023-10-22,2021-09-11,2025-08-17,13.28,16.79,8.52,52.03,50.72,-1.31,0.5369,26.42,0.2,1,1
2023-10-25,2020-11-24,2023-03-02,10.0,10.41,5.37,52.7,51.59,-1.11,1.2862,4.07,34.9,1,0
2023-10-25,2021-01-12,2024-11-07,22.11,32.92,23.18,64.32,70.43,6.11,0.7283,48.86,-5.3,0,1
2023-10-25,2022-10-04,2025-07-02,166.72,266.91,119.82,37.81,44.89,7.08,0.3852,60.1,3.9,1,1
2023-10-25,2022-08-26,2024-04-20,47.5,50.73,35.32,60.81,69.62,8.81,0.7048,6.8,-1.6,0,0
2023-10-27,2021-02-15,2023-05-13,87.09,84.21,32.9,44.4,39.07,-5.33,1.2044,-3.31,35.1,1,0
2023-10-27,2022-05-07,2025-06-28,754.99,790.35,304.22,47.11,38.49,-8.62,0.4686,4.68,-2.0,0,0
2023-10-27,2023-03-10,2026-08-22,660.84,657.73,140.62,9.35,21.38,12.03,0.1832,-0.47,34.2,1,0
2023-10-30,2022-10-16,2024-10-20,52.01,79.02,38.19,47.51,48.33,0.83,0.5156,51.93,-2.5,0,1
2023-10-30,2022-05-16,2024-09-13,43.7,63.93,37.49,56.34,58.65,2.31,0.6251,46.29,-2.3,0,1
2023-10-31,2022-02-14,2023-07-28,27.17,26.32,27.55,100.0,104.69,4.69,1.1796,-3.12,-3.3,0,0
2023-10-31,2022-08-11,2026-12-27,157.99,154.85,53.35,25.13,34.45,9.32,0.2789,-1.98,0.1,1,0
2023-11-01,2021-01-13,2025-03-06,129.3,222.71,144.72,66.0,64.98,-1.02,0.6755,72.24,1.0,1,1
2023-11-02,2022-05-08,2027-01-27,225.72,216.53,42.25,13.56,19.51,5.96,0.3148,-4.07,31.7,1,0
2023-11-02,2022-02-23,2023-09-02,392.41,378.44,138.35,41.54,36.56,-4.98,1.1097,-3.56,4.0,1,0
2023-11-03,2022-06-14,2025-06-12,79.82,76.67,25.82,46.08,33.68,-12.41,0.4634,-3.95,-0.7,0,0
2023-11-06,2021-11-27,2023-06-28,70.5,104.54,116.35,100.0,111.29,11.29,1.2266,48.28,-0.4,0,1
2023-11-07,2022-10-06,2025-05-01,31.39,32.32,10.6,37.12,32.8,-4.31,0.4232,2.96,-4.9,0,0
2023-11-08,2023-04-08,2027-12-19,33.37,32.18,2.95,11.62,9.18,-2.43,0.1247,-3.59,3.6,1,0
2023-11-10,2022-05-27,2026-01-07,68.6,66.06,22.04,35.09,33.36,-1.73,0.4027,-3.7,-0.3,0,0
2023-11-11,2022-01-17,2024-02-01,139.89,141.89,121.12,90.18,85.36,-4.82,0.8899,1.43,-4.5,0,0
2023-11-12,2021-12-28,2024-10-30,269.43,261.27,192.08,64.71,73.52,8.81,0.6596,-3.03,-2.9,0,0
2023-11-12,2022-02-21,2025-04-28,34.34,32.95,12.78,35.8,38.79,3.0,0.5413,-4.02,31.4,1,0
2023-11-13,2022-07-04,2024-02-27,539.81,798.44,585.11,75.71,73.28,-2.43,0.8242,47.91,-0.8,0,1
2023-11-16,2022-07-29,2025-06-27,65.02,67.77,5.34,18.08,7.88,-10.21,0.4464,4.24,15.0,1,0
2023-11-16,2023-05-13,2027-05-22,87.74,90.56,12.24,11.08,13.51,2.43,0.1272,3.21,-5.0,0,0
2023-11-17,2022-11-23,2027-09-09,36.72,36.19,0.0,14.98,0.0,-14.98,0.205,-1.46,3.5,1,0
2023-11-18,2022-06-21,2024-01-08,260.04,332.81,220.41,55.48,66.23,10.75,0.9099,27.98,3.8,1,1
2023-11-18,2021-07-23,2023-12-09,10.0,12.35,10.96,86.84,88.7,1.86,0.9758,23.51,-2.6,0,1
2023-11-21,2022-06-16,2025-03-20,97.55,98.81,42.03,52.37,42.54,-9.83,0.5188,1.29,2.6,1,0
2023-11-21,2021-03-20,2024-09-24,217.94,221.8,74.09,32.89,33.41,0.52,0.7601,1.77,33.4,1,0
2023-11-21,2021-01-26,2022-03-03,64.23,65.4,71.71,100.0,109.65,9.65,1.5,1.83,-3.5,0,0
2023-11-22,2021-10-14,2026-09-08,167.19,163.28,72.95,28.37,44.68,16.31,0.4296,-2.34,26.4,1,0
2023-11-23,2022-10-26,2025-11-28,13.8,13.17,4.42,24.83,33.61,8.78,0.3481,-4.61,6.5,1,0
2023-11-23,2022-03-07,2025-02-09,47.71,47.5,27.64,54.39,58.2,3.81,0.585,-0.44,3.5,1,0
2023-11-24,2022-03-31,2026-07-12,233.48,242.61,82.34,38.72,33.94,-4.79,0.3855,3.91,2.4,1,0
2023-11-25,2022-10-26,2025-04-22,19.98,20.12,4.51,28.52,22.4,-6.12,0.4345,0.69,13.8,1,0
2023-11-25,2022-09-18,2027-01-24,128.03,132.29,32.79,25.35,24.78,-0.57,0.2725,3.32,-1.9,0,0
2023-11-25,2021-09-06,2024-02-27,17.67,22.31,14.15,53.81,63.43,9.62,0.896,26.25,25.9,1,1
2023-11-26,2023-05-28,2027-03-09,157.55,152.25,3.13,12.58,2.06,-10.52,0.1318,-3.36,2.7,1,0
2023-11-29,2022-07-29,2024-08-25,86.25,87.9,29.98,34.03,34.11,0.08,0.6438,1.92,32.5,1,0
2023-11-30,2021-10-07,2025-01-16,12.96,13.74,8.63,56.95,62.82,5.87,0.655,6.04,-4.4,0,0
2023-12-03,2021-10-07,2025-09-06,364.19,559.78,191.76,26.82,34.26,7.43,0.5503,53.7,6.8,1,1
2023-12-03,2023-01-16,2025-09-03,37.28,57.85,22.42,32.92,38.76,5.85,0.334,55.17,2.3,1,1
2023-12-04,2021-03-10,2023-04-06,34.05,56.14,48.77,98.21,86.87,-11.34,1.3197,64.9,23.1,1,1
2023-12-05,2021-03-27,2024-02-24,114.51,200.35,100.15,40.94,49.99,9.05,0.9239,74.96,3.1,1,1
2023-12-07,2022-09-04,2024-11-17,357.22,367.89,115.12,30.75,31.29,0.54,0.5702,2.99,15.5,1,0
2023-12-07,2022-03-07,2025-09-09,26.6,25.56,9.88,47.36,38.67,-8.68,0.4992,-3.93,0.8,1,0
2023-12-09,2021-04-19,2023-10-23,150.59,209.91,159.29,91.55,75.88,-15.67,1.0513,39.39,-0.3,0,1
2023-12-09,2022-03-16,2024-01-29,96.93,99.65,94.01,94.53,94.34,-0.19,0.9254,2.81,-5.6,0,0
2023-12-10,2021-04-09,2025-08-29,206.79,304.7,188.28,57.17,61.79,4.63,0.6082,47.34,-2.0,0,1
2023-12-11,2021-06-25,2025-06-23,111.24,112.7,61.86,55.91,54.89,-1.02,0.6162,1.31,3.8,1,0
2023-12-11,2023-02-24,2025-09-13,57.95,90.36,15.31,27.1,16.94,-10.16,0.3112,55.93,-0.9,0,1
2023-12-13,2022-04-08,2025-10-12,33.34,33.14,10.43,33.78,31.46,-2.32,0.4786,-0.62,9.8,1,0
2023-12-13,2022-09-07,2024-04-29,99.82,97.93,66.25,73.32,67.66,-5.66,0.77,-1.9,1.1,1,0
2023-12-15,2023-02-16,2027-09-12,24.86,25.52,2.0,13.01,7.86,-5.15,0.1809,2.62,34.0,1,0
2023-12-16,2023-05-31,2027-02-10,10.0,12.65,0.0,13.73,0.0,-13.73,0.1473,26.54,-3.8,0,1
2023-12-18,2023-01-28,2027-04-27,152.0,158.7,10.02,19.69,6.31,-13.38,0.209,4.41,-0.6,0,0
2023-12-19,2021-01-26,2025-05-24,266.33,289.47,163.89,58.45,56.62,-1.84,0.6694,8.69,3.4,1,0
2023-12-23,2022-07-11,2026-05-08,10.0,10.37,3.54,37.35,34.14,-3.21,0.3794,3.75,-1.9,0,0
2023-12-23,2022-05-18,2023-07-16,26.8,27.43,29.57,100.0,107.79,7.79,1.3774,2.37,0.8,1,0
2023-12-24,2022-04-11,2025-09-19,189.23,235.06,105.99,50.14,45.09,-5.05,0.4948,24.21,3.8,1,1
2023-12-25,2021-06-03,2023-01-13,1063.15,1292.25,576.12,48.8,44.58,-4.22,1.5,21.55,22.1,1,1
2023-12-27,2021-10-11,2024-09-09,92.29,106.47,35.11,36.82,32.97,-3.84,0.7585,15.36,5.4,1,1
2023-12-28,2021-07-15,2024-02-16,37.58,39.13,35.67,92.74,91.16,-1.58,0.9471,4.12,1.4,1,0
2023-12-30,2023-02-25,2027-09-27,72.28,103.0,20.06,18.74,19.47,0.73,0.1839,42.5,3.4,1,1
2023-12-30,2022-06-10,2026-02-27,468.65,479.01,96.62,23.42,20.17,-3.25,0.4183,2.21,23.7,1,0
2023-12-31,2022-11-15,2024-05-01,41.46,50.97,23.23,41.01,45.58,4.57,0.7711,22.93,32.1,1,1
2024-01-01,2022-05-18,2026-05-07,34.5,35.26,15.26,24.89,43.29,18.4,0.409,2.19,16.4,1,0
2024-01-03,2021-09-07,2026-06-10,50.44,48.06,10.72,28.92,22.31,-6.6,0.4882,-4.72,28.3,1,0
2024-01-04,2022-01-21,2023-02-03,28.67,28.32,29.2,100.0,103.13,3.13,1.5,-1.25,-4.7,0,0
2024-01-06,2021-08-11,2023-01-21,104.29,105.61,105.86,100.0,100.24,0.24,1.5,1.27,-2.1,0,0
2024-01-07,2021-04-03,2026-03-16,632.46,763.55,447.26,50.2,58.58,8.38,0.5581,20.73,3.4,1,1
2024-01-07,2021-03-29,2024-04-23,132.65,236.43,221.28,91.97,93.59,1.62,0.9045,78.24,2.9,1,1
2024-01-07,2021-03-09,2025-01-23,66.5,64.74,40.25,67.99,62.17,-5.81,0.7302,-2.65,-0.8,0,0
2024-01-09,2023-03-18,2025-06-05,63.42,111.05,10.6,18.86,9.54,-9.32,0.3667,75.09,3.0,1,1
2024-01-12,2021-02-22,2024-02-07,259.75,425.06,351.91,91.46,82.79,-8.67,0.9759,63.64,-1.5,0,1
2024-01-12,2022-05-26,2026-10-08,13.79,13.66,5.09,32.35,37.23,4.88,0.3734,-0.95,-2.9,0,0
2024-01-13,2021-01-24,2024-09-25,81.99,133.18,48.55,26.99,36.46,9.47,0.809,62.44,35.1,1,1
2024-01-14,2023-04-26,2026-07-22,72.49,113.72,28.57,20.7,25.12,4.43,0.2223,56.87,-2.0,0,1
2024-01-15,2023-01-30,2024-05-12,4153.59,4323.71,1030.09,23.13,23.82,0.69,0.7479,4.1,7.3,1,0
2024-01-16,2023-05-06,2026-05-16,128.83,173.3,11.1,16.9,6.4,-10.5,0.2306,34.52,5.6,1,1
2024-01-16,2022-10-20,2024-12-18,36.52,37.69,13.02,29.13,34.54,5.4,0.5734,3.2,25.2,1,0
2024-01-16,2021-05-10,2025-06-07,53.97,83.85,64.93,64.5,77.43,12.93,0.6588,55.38,3.7,1,1
2024-01-17,2021-08-22,2024-05-21,357.14,346.84,114.33,36.36,32.96,-3.4,0.8754,-2.89,14.2,1,0
2024-01-19,2021-05-04,2025-06-06,16.02,16.28,4.45,28.07,27.34,-0.74,0.6627,1.63,23.7,1,0
2024-01-19,2022-10-29,2026-02-24,103.12,152.76,46.97,36.68,30.75,-5.94,0.3682,48.13,3.1,1,1
2024-01-20,2022-12-11,2026-01-17,271.26,283.88,100.42,31.64,35.37,3.74,0.3575,4.65,-4.1,0,0
2024-01-24,2022-07-05,2024-04-06,40.38,51.85,43.19,87.56,83.31,-4.25,0.8861,28.41,0.2,1,1
2024-01-25,2022-05-11,2026-05-03,852.32,852.56,434.26,43.74,50.94,7.19,0.4295,0.03,1.8,1,0
2024-01-25,2023-02-17,2026-08-04,329.0,338.71,138.5,25.6,40.89,15.29,0.2706,2.95,-0.3,0,0
2024-01-25,2023-05-20,2024-11-22,52.63,50.71,10.37,17.8,20.45,2.64,0.4529,-3.64,27.3,1,0
2024-01-25,2023-07-06,2028-03-06,418.73,438.72,25.42,8.4,5.8,-2.6,0.1191,4.77,32.1,1,0
2024-01-26,2022-02-16,2026-04-22,97.65,132.22,62.95,44.09,47.61,3.52,0.4646,35.4,0.2,1,1
2024-01-27,2022-05-22,2023-09-03,161.04,193.09,124.1,62.99,64.27,1.28,1.3113,19.9,12.5,1,1
2024-01-27,2021-09-09,2026-06-06,250.47,242.04,65.56,17.67,27.09,9.42,0.5026,-3.36,10.4,1,0
2024-01-28,2023-02-20,2025-08-18,32.6,53.39,22.34,37.96,41.84,3.88,0.3758,63.75,0.8,1,1
2024-01-29,2022-03-12,2024-03-25,41.59,40.64,39.25,90.96,96.59,5.64,0.9247,-2.28,-5.0,0,0
2024-01-30,2022-05-01,2023-08-18,309.81,411.32,382.52,100.0,93.0,-7.0,1.3481,32.77,-4.7,0,1
2024-01-31,2022-11-14,2025-05-11,60.24,59.5,31.43,49.15,52.82,3.67,0.4873,-1.22,-5.4,0,0
2024-01-31,2023-07-17,2025-07-04,55.46,53.18,8.21,26.17,15.43,-10.74,0.2758,-4.12,4.0,1,0
2024-01-31,2023-01-11,2026-01-22,28.61,28.16,7.43,31.65,26.38,-5.27,0.3478,-1.58,-2.1,0,0
2024-02-01,2022-10-17,2024-08-28,149.65,156.86,110.27,61.14,70.3,9.17,0.6931,4.81,3.1,1,0
2024-02-02,2022-11-02,2027-05-14,1069.59,1890.2,509.69,20.0,26.97,6.97,0.2763,76.72,35.7,1,1
2024-02-03,2022-11-23,2024-10-20,92.67,89.58,61.69,55.22,68.87,13.65,0.627,-3.33,-3.8,0,0
2024-02-03,2021-02-23,2025-02-15,25.0,33.32,24.81,76.64,74.48,-2.16,0.7398,33.25,1.5,1,1
2024-02-04,2022-09-27,2026-11-26,490.13,537.58,98.66,28.83,18.35,-10.48,0.3254,9.68,-1.0,0,0
2024-02-07,2023-05-02,2025-12-13,81.81,115.73,29.97,27.53,25.89,-1.64,0.2939,41.46,2.2,1,1
2024-02-07,2021-08-28,2024-10-18,154.91,175.32,141.91,78.74,80.94,2.2,0.7786,13.18,2.2,1,1
2024-02-10,2022-04-02,2024-09-22,25.16,24.08,11.02,68.26,45.79,-22.47,0.7511,-4.3,1.9,1,0
2024-02-13,2022-04-04,2025-04-07,150.5,143.83,30.76,22.65,21.39,-1.26,0.6187,-4.43,31.7,1,0
2024-02-14,2022-05-07,2025-01-16,71.91,119.13,29.69,33.92,24.92,-9.0,0.6579,65.66,28.8,1,1
2024-02-14,2022-07-10,2025-03-19,293.79,296.17,142.3,56.86,48.05,-8.81,0.5941,0.81,-1.2,0,0
2024-02-15,2021-05-10,2026-03-02,374.23,477.83,226.61,49.6,47.43,-2.18,0.5754,27.68,-1.2,0,1
2024-02-16,2021-08-01,2025-01-25,2013.19,3410.39,330.95,24.31,9.7,-14.61,0.7298,69.4,3.6,1,1
2024-02-16,2022-03-06,2025-11-21,180.47,186.66,83.85,51.38,44.92,-6.46,0.5251,3.43,-3.0,0,0
2024-02-18,2022-05-31,2023-09-06,133.08,132.36,98.84,89.09,74.68,-14.42,1.3564,-0.54,16.2,1,0
2024-02-20,2021-05-02,2023-03-14,113.67,116.04,117.19,100.0,100.99,0.99,1.5,2.09,-1.5,0,0
2024-02-21,2023-05-11,2024-09-09,58.92,92.37,54.24,57.89,58.72,0.83,0.5873,56.77,0.7,1,1
2024-02-21,2022-07-26,2027-03-30,135.12,130.72,33.85,28.68,25.89,-2.79,0.3367,-3.26,-3.3,0,0
2024-02-21,2023-04-24,2026-06-30,63.15,62.27,11.73,10.87,18.84,7.97,0.2605,-1.39,32.7,1,0
2024-02-23,2022-06-10,2024-09-08,110.18,111.7,76.42,70.79,68.42,-2.37,0.7588,1.37,1.1,1,0
2024-02-23,2021-11-07,2024-04-11,437.52,418.73,344.32,82.41,82.23,-0.18,0.9458,-4.29,-0.9,0,0
2024-02-25,2021-11-26,2024-04-28,26.9,26.53,23.57,96.09,88.84,-7.25,0.9287,-1.38,3.3,1,0
2024-02-26,2023-03-17,2026-09-18,353.49,354.72,31.5,27.31,8.88,-18.43,0.2701,0.35,1.4,1,0
2024-02-26,2021-03-17,2024-03-02,437.26,458.96,404.0,89.19,88.02,-1.16,0.9954,4.96,-0.4,0,0
2024-02-28,2022-07-02,2024-05-11,78.13,77.93,60.96,80.43,78.22,-2.21,0.8925,-0.25,2.9,1,0
2024-02-29,2023-03-15,2026-02-20,10.0,10.32,2.83,13.76,27.44,13.68,0.3271,3.16,5.6,1,0
2024-02-29,2022-07-03,2025-06-11,43.41,43.11,24.42,51.31,56.65,5.34,0.5642,-0.68,0.5,1,0
2024-02-29,2023-03-03,2027-01-09,426.83,439.48,95.03,24.93,21.62,-3.3,0.2578,2.96,-3.5,0,0
2024-03-01,2022-01-21,2024-08-02,87.58,154.52,122.04,77.85,78.98,1.13,0.8333,76.43,-2.1,0,1
2024-03-03,2022-08-14,2026-04-08,27.14,35.18,9.93,20.96,28.22,7.26,0.4254,29.66,8.3,1,1
2024-03-03,2023-08-12,2027-10-08,49.12,48.68,6.11,8.43,12.56,4.13,0.1344,-0.89,14.1,1,0
2024-03-03,2021-05-31,2026-01-06,246.84,249.42,112.42,31.72,45.07,13.35,0.599,1.04,13.5,1,0
2024-03-04,2022-07-03,2026-08-31,173.48,175.74,60.96,41.0,34.69,-6.32,0.4013,1.3,-3.8,0,0
2024-03-05,2023-02-11,2025-01-31,67.58,118.89,69.89,50.99,58.79,7.8,0.5389,75.93,-0.1,0,1
2024-03-06,2022-02-19,2026-01-31,57.96,55.9,22.71,44.0,40.62,-3.38,0.5173,-3.56,-5.3,0,0
2024-03-07,2021-05-30,2024-11-04,56.25,95.29,70.57,72.52,74.06,1.55,0.807,69.39,1.1,1,1
2024-03-08,2022-03-30,2025-05-30,29.76,28.32,7.52,31.0,26.54,-4.46,0.6128,-4.83,31.7,1,0
2024-03-08,2021-06-03,2026-04-13,625.44,648.8,377.37,59.3,58.16,-1.14,0.5685,3.74,-2.5,0,0
2024-03-10,2023-07-08,2027-03-15,387.84,376.65,58.95,10.91,15.65,4.75,0.1828,-2.88,20.6,1,0
2024-03-10,2022-01-11,2023-10-02,61.14,59.53,60.54,100.0,101.69,1.69,1.2544,-2.64,2.9,1,0
2024-03-12,2023-03-22,2024-05-02,53.63,63.1,56.53,90.2,89.58,-0.62,0.8747,17.66,-1.8,0,1
2024-03-12,2021-08-13,2026-01-02,558.68,571.87,343.96,59.66,60.15,0.49,0.5876,2.36,0.5,1,0
2024-03-12,2022-05-26,2025-08-04,298.26,292.89,93.4,51.78,31.89,-19.89,0.5626,-1.8,-3.9,0,0
2024-03-13,2021-12-02,2025-04-11,146.13,141.2,85.5,48.79,60.55,11.76,0.6786,-3.37,12.8,1,0
2024-03-14,2023-03-19,2027-10-10,87.44,91.46,17.61,19.94,19.26,-0.68,0.2167,4.6,-3.9,0,0
2024-03-15,2022-05-10,2026-07-06,30.43,31.5,16.41,40.11,52.1,11.99,0.4447,3.52,-2.1,0,0
2024-03-17,2022-07-23,2024-07-06,132.85,224.1,179.42,81.02,80.06,-0.96,0.8445,68.68,-2.8,0,1
2024-03-18,2021-09-07,2022-09-07,51.55,49.71,47.49,100.0,95.53,-4.47,1.5,-3.56,-3.7,0,0
2024-03-18,2021-03-22,2023-10-26,114.59,108.96,106.96,100.0,98.16,-1.84,1.1519,-4.91,3.2,1,0
2024-03-18,2022-12-11,2027-01-13,21.87,21.67,1.65,20.17,7.59,-12.58,0.3099,-0.93,2.5,1,0
2024-03-18,2022-05-03,2025-10-30,374.36,440.32,116.85,30.0,26.54,-3.46,0.5368,17.62,9.2,1,1
2024-03-19,2023-07-21,2025-09-24,126.46,120.39,20.89,26.83,17.35,-9.48,0.304,-4.8,1.4,1,0
2024-03-19,2022-12-19,2027-08-09,65.98,66.55,5.89,8.92,8.85,-0.07,0.2692,0.87,4.5,1,0
2024-03-20,2022-10-24,2027-07-03,104.76,175.17,59.76,30.83,34.12,3.29,0.2995,67.22,-4.9,0,1
2024-03-20,2022-07-05,2023-08-26,182.0,260.87,222.69,87.99,85.36,-2.63,1.4964,43.33,27.3,1,1
2024-03-20,2021-07-08,2025-02-01,50.91,76.53,64.73,74.27,84.57,10.3,0.7561,50.32,-5.8,0,1
2024-03-20,2023-08-04,2026-01-04,256.1,243.48,35.02,24.06,14.38,-9.68,0.259,-4.93,-0.7,0,0
2024-03-20,2021-04-26,2026-01-08,17.9,17.76,11.29,61.57,63.53,1.97,0.6164,-0.77,-3.5,0,0
2024-03-22,2023-06-01,2027-07-12,922.16,916.87,243.27,20.33,26.53,6.2,0.1964,-0.57,2.8,1,0
2024-03-24,2021-04-24,2022-09-17,27.1,27.73,18.33,68.99,66.08,-2.91,1.5,2.32,22.9,1,0
2024-03-25,2022-04-10,2026-07-12,39.91,38.85,12.65,30.79,32.56,1.77,0.4601,-2.67,6.4,1,0
2024-03-25,2021-12-18,2026-10-20,166.78,172.0,88.09,48.39,51.21,2.83,0.4686,3.13,-1.9,0,0
2024-03-29,2021-04-09,2025-06-14,111.66,175.62,56.7,45.47,32.28,-13.19,0.7105,57.28,3.9,1,1
2024-03-30,2022-03-09,2024-11-26,137.11,181.29,52.93,31.82,29.2,-2.62,0.7573,32.22,32.1,1,1
2024-03-31,2023-07-19,2025-05-12,161.91,157.64,53.04,33.91,33.64,-0.26,0.3861,-2.63,-0.0,0,0
2024-03-31,2022-09-26,2027-04-17,192.8,195.27,61.43,30.78,31.46,0.68,0.3317,1.28,-2.6,0,0
2024-04-01,2022-10-22,2025-12-18,340.92,352.17,69.98,19.29,19.87,0.58,0.4571,3.3,3.8,1,0
2024-04-02,2021-09-15,2025-01-11,147.2,145.96,47.97,29.37,32.87,3.5,0.7661,-0.84,20.2,1,0
2024-04-04,2022-03-12,2025-06-30,201.76,209.17,101.26,53.18,48.41,-4.76,0.6252,3.67,-1.1,0,0
2024-04-04,2023-03-05,2024-08-28,67.39,65.76,39.34,44.32,59.82,15.5,0.7306,-2.42,12.2,1,0
2024-04-05,2022-07-31,2027-05-08,879.94,894.84,194.92,18.73,21.78,3.05,0.3525,1.69,15.2,1,0
2024-04-09,2021-04-28,2025-07-18,76.77,76.37,30.12,29.02,39.43,10.41,0.6984,-0.52,2.0,1,0
2024-04-09,2022-12-28,2027-05-05,27.95,27.92,3.49,26.9,12.51,-14.39,0.2945,-0.12,-3.2,0,0
2024-04-09,2021-10-10,2025-03-05,339.85,425.8,160.66,35.59,37.73,2.15,0.7343,25.29,18.5,1,1
2024-04-10,2023-06-01,2027-07-13,77.91,78.9,0.0,7.27,0.0,-7.27,0.2089,1.27,31.3,1,0
2024-04-12,2022-10-09,2025-11-05,10.0,17.57,9.17,34.72,52.21,17.48,0.4907,75.65,17.2,1,1
2024-04-12,2021-04-22,2025-04-17,248.86,261.2,72.97,23.76,27.94,4.18,0.7459,4.96,14.4,1,0
2024-04-13,2022-11-26,2025-02-12,47.35,47.26,16.01,30.79,33.89,3.1,0.623,-0.2,35.8,1,0
2024-04-17,2021-10-26,2026-07-06,80.75,80.64,1.67,17.06,2.08,-14.99,0.5274,-0.14,21.4,1,0
2024-04-20,2022-03-06,2025-02-10,134.07,154.78,104.45,71.52,67.48,-4.04,0.7239,15.44,-4.1,0,1
2024-04-21,2023-03-24,2025-11-14,113.14,119.7,24.34,24.33,20.33,-4.0,0.4079,5.8,18.9,1,0
2024-04-21,2022-11-22,2027-09-04,210.89,307.52,123.04,25.88,40.01,14.13,0.2954,45.82,-2.0,0,1
2024-04-21,2022-08-09,2023-12-31,53.38,53.12,56.22,100.0,105.83,5.83,1.22,-0.49,-0.1,0,0
2024-04-21,2023-08-29,2025-05-29,166.62,221.08,44.31,33.27,20.04,-13.22,0.3693,32.69,3.2,1,1
2024-04-23,2023-01-20,2025-06-11,65.93,66.5,14.23,17.64,21.39,3.76,0.5258,0.86,27.7,1,0
2024-04-23,2022-06-24,2026-10-08,218.45,218.29,33.71,27.47,15.44,-12.02,0.4269,-0.08,4.5,1,0
2024-04-26,2023-08-22,2026-09-12,188.38,182.58,16.24,21.93,8.9,-13.03,0.222,-3.08,-2.5,0,0
2024-04-27,2021-08-02,2025-10-21,47.32,49.28,21.63,40.22,43.89,3.67,0.6483,4.15,27.8,1,0
2024-04-27,2021-06-25,2023-10-14,29.3,29.19,30.25,100.0,103.63,3.63,1.2331,-0.36,-4.1,0,0
2024-04-27,2022-07-07,2027-06-13,331.35,566.59,234.9,35.5,41.46,5.96,0.3663,70.99,0.5,1,1
2024-04-29,2022-09-07,2026-10-08,237.38,233.47,129.09,40.26,55.29,15.04,0.4021,-1.65,-3.1,0,0
2024-04-29,2023-06-25,2027-06-27,139.87,161.38,29.31,15.21,18.16,2.95,0.2112,15.38,32.3,1,1
2024-05-02,2023-02-22,2027-04-18,817.15,819.85,235.48,27.36,28.72,1.36,0.2869,0.33,-3.2,0,0
2024-05-03,2022-02-05,2024-12-01,68.84,85.19,61.27,81.65,71.92,-9.73,0.7942,23.75,-0.5,0,1
2024-05-04,2022-01-24,2024-08-13,59.19,59.45,25.63,36.26,43.12,6.86,0.8916,0.43,33.9,1,0
2024-05-07,2021-05-16,2026-02-12,87.94,84.68,43.71,64.83,51.61,-13.21,0.6272,-3.71,3.4,1,0
2024-05-08,2022-02-05,2027-01-24,12.94,13.1,8.24,40.58,62.9,22.32,0.4537,1.23,-2.7,0,0
2024-05-08,2022-08-08,2025-01-19,62.56,93.63,79.26,68.49,84.65,16.16,0.714,49.65,-3.1,0,1
2024-05-08,2023-07-12,2024-12-16,235.08,225.66,139.25,54.74,61.71,6.97,0.5755,-4.01,3.2,1,0
2024-05-09,2023-07-31,2026-06-10,25.42,25.29,7.35,25.97,29.08,3.11,0.2708,-0.53,1.8,1,0
2024-05-15,2021-05-23,2022-06-14,24.99,25.69,27.58,100.0,107.36,7.36,1.5,2.78,-3.5,0,0
2024-05-16,2021-12-10,2025-11-14,281.57,273.7,64.29,25.71,23.49,-2.22,0.6188,-2.8,9.3,1,0
2024-05-17,2023-11-17,2026-04-24,701.16,1077.37,213.57,20.17,19.82,-0.35,0.2047,53.66,-2.8,0,1
2024-05-18,2023-02-14,2026-02-11,79.41,108.34,4.86,12.9,4.48,-8.41,0.4199,36.42,32.6,1,1
2024-05-18,2021-09-18,2023-02-08,73.51,102.44,90.57,100.0,88.42,-11.58,1.5,39.35,0.7,1,1
2024-05-20,2021-06-22,2024-04-19,97.91,99.97,63.06,61.56,63.07,1.52,1.03,2.1,6.9,1,0
2024-05-22,2022-10-17,2027-09-28,362.95,360.0,117.69,33.08,32.69,-0.39,0.3226,-0.81,-0.2,0,0
2024-05-22,2021-12-12,2024-10-22,29.58,29.63,20.95,79.3,70.69,-8.61,0.8536,0.17,-5.3,0,0
2024-05-24,2022-10-24,2026-06-22,119.83,114.84,38.57,40.78,33.59,-7.19,0.4323,-4.16,-3.5,0,0
2024-05-24,2023-08-11,2026-10-17,290.1,434.3,110.67,25.22,25.48,0.26,0.2468,49.7,-0.3,0,1
2024-05-28,2022-10-27,2024-01-19,164.24,295.1,269.3,100.0,91.26,-8.74,1.2895,79.68,-5.8,0,1
2024-05-29,2022-08-15,2024-10-03,113.01,155.56,120.17,74.4,77.25,2.85,0.8372,37.64,-3.5,0,1
2024-05-31,2023-01-13,2025-12-06,299.24,520.84,210.91,48.99,40.49,-8.5,0.4764,74.05,-3.7,0,1
2024-06-01,2023-07-27,2025-11-19,10.0,13.09,4.37,31.37,33.42,2.05,0.3664,30.88,-3.5,0,1
2024-06-02,2023-04-22,2025-07-20,203.05,212.51,42.87,29.38,20.17,-9.21,0.4963,4.66,5.4,1,0
2024-06-03,2023-10-01,2027-01-04,41.06,49.41,4.25,17.77,8.59,-9.17,0.2065,20.32,-0.2,0,1
2024-06-05,2023-09-16,2025-07-08,10.01,13.65,2.76,39.12,20.22,-18.9,0.3979,36.4,3.1,1,1
2024-06-06,2022-05-11,2026-06-19,166.24,201.94,85.5,43.62,42.34,-1.28,0.5047,21.47,-2.1,0,1
2024-06-07,2022-08-19,2027-01-23,467.96,491.44,255.27,40.31,51.94,11.63,0.4067,5.02,3.3,1,0
2024-06-08,2022-08-27,2026-09-19,76.33,78.44,38.25,37.59,48.76,11.18,0.4387,2.77,0.5,1,0
2024-06-08,2021-10-22,2025-05-28,282.44,287.33,221.25,74.41,77.0,2.59,0.7306,1.73,3.1,1,0
2024-06-08,2022-06-30,2025-05-09,623.12,630.25,138.24,37.94,21.93,-16.01,0.6791,1.14,6.6,1,0
2024-06-08,2021-07-03,2023-07-15,436.11,453.23,344.02,69.15,75.9,6.75,1.4434,3.92,16.1,1,0
2024-06-08,2022-10-27,2027-01-18,644.17,734.53,291.52,37.88,39.69,1.81,0.3821,14.03,-2.4,0,1
2024-06-09,2023-04-20,2025-03-14,13.17,23.0,12.89,51.14,56.06,4.92,0.5994,74.66,3.5,1,1
2024-06-09,2022-04-30,2024-06-23,219.32,215.62,193.72,93.1,89.84,-3.25,0.9822,-1.69,-3.6,0,0
2024-06-09,2023-05-05,2024-08-16,98.55,156.99,70.48,35.24,44.9,9.66,0.855,59.3,28.7,1,1
2024-06-10,2022-05-14,2024-07-25,67.0,91.99,95.5,88.13,103.82,15.69,0.944,37.29,3.6,1,1
2024-06-10,2023-05-01,2027-06-29,32.72,37.28,4.44,23.16,11.92,-11.25,0.2671,13.94,1.2,1,1
2024-06-14,2023-11-16,2025-12-01,1218.2,1747.26,243.83,24.57,13.95,-10.62,0.2828,43.43,2.8,1,1
2024-06-15,2021-09-18,2023-02-02,72.89,95.6,86.74,100.0,90.73,-9.27,1.5,31.16,3.2,1,1
